出表日期,資料年月,公司代號,公司名稱,產業別,營業收入-當月營收,營業收入-上月營收,營業收入-去年當月營收,營業收入-上月比較增減(%),營業收入-去年同月增減(%),累計營業收入-當月累計營收,累計營業收入-去年累計營收,累計營業收入-前期比較增減(%),備註
1141017,11409,1260,富味鄉,食品工業,437024,445593,432148,-1.9230553442266822,1.128317150605811,3898493,4016720,-2.9433717062678006,-
1141017,11409,1269,乾杯,觀光餐旅,359759,411842,410814,-12.646354669994803,-12.427765363400468,3363960,3402770,-1.1405413824619355,-
1141017,11409,1271,晨暉生技,生技醫療業,80779,69903,86593,15.558702773843756,-6.714168581756031,700604,708408,-1.1016250522297886,-
1141017,11409,1293,利統,食品工業,87165,64055,57305,36.078370150651786,52.10714597330076,558965,498816,12.058354182704644,本月營收較去年同期增加，主要係去年同期韓國地區訂單銷售認列於8月份，及母公司代工食品成長。
1141017,11409,1343,旭東環保,綠能環保,73613,83915,114276,-12.276708574152416,-35.58314956771326,361615,959184,-62.29972560009341,差異係因本期太陽能載具銷售量下降所致。
1141017,11409,1480,東盟開發,鋼鐵工業,727418,813768,734367,-10.611132411203194,-0.946257116673271,7858168,6670653,17.802080246116834,-
1141017,11409,1594,日高,電機機械,42865,41264,41350,3.879895308259015,3.663845223700121,352126,329217,6.958632148400599,-
1141017,11409,1623,大東電,電器電纜,537249,520334,346720,3.2507966037199183,54.95183433317951,4836799,3915149,23.540611098070595,較去年同期出貨量多
1141017,11409,1780,立弘,生技醫療業,71088,66535,60642,6.8430149545352075,17.225685168694962,635588,620699,2.398747218861316,-
1141017,11409,2071,震南鐵,鋼鐵工業,98335,127074,130810,-22.615956057100586,-24.82608363274979,1255317,1170281,7.266289036564722,-
1141017,11409,2072,世紀風電,鋼鐵工業,805910,709332,904888,13.615345141626205,-10.93814925162009,7695904,6681153,15.188261666811103,-
1141017,11409,2237,華德動能,電機機械,240622,224965,32921,6.959749294334674,630.9073235928435,1367607,446319,206.41917552244024,本月銷售電動巴士22輛及維修收入
1141017,11409,2245,詠勝昌*,電機機械,34255,32866,36669,4.2262520537941946,-6.583217431617988,312261,309494,0.8940399490781727,-
1141017,11409,2249,湧盛,電機機械,110455,146214,225496,-24.45661838127676,-51.01686947883776,1838007,2197903,-16.374516982778584,本月較去年同期減少主要係因出貨量減少所致
1141017,11409,2252,為昇科,其他電子業,33245,34329,40709,-3.15768009554604,-18.335011913827408,348543,411916,-15.384932850386972,-
1141017,11409,2255,凱銳光電,其他電子業,153247,153662,129459,-0.270073277713423,18.37492951436362,1721726,1354700,27.092788071159667,-
1141017,11409,2256,歐特明,其他電子業,37669,21708,24343,73.52588907315275,54.74263648687508,247997,245451,1.037274242109423,本月增加百分比達50%以上，主要係受客戶端需求影響所致。
1141017,11409,2644,中信造船,航運業,364730,247795,240308,47.190217720292985,51.776054063951264,3199319,3074394,4.06340241361387,本期海軍輕型巡防艦之建造進度正逢新案機組件陸續投入，依完工進度認列收入使本期收入增加。
1141017,11409,2733,維格餅家,觀光餐旅,38819,36599,25634,6.065739501079264,51.43559335257861,252493,285085,-11.432379816545943,主係受到中秋節日需求致伴手禮銷售狀況提升
1141017,11409,2741,老四川,觀光餐旅,62770,78716,73410,-20.25763504243102,-14.493938155564637,661133,704163,-6.110801050324996,-
1141017,11409,2758,路易莎咖啡,觀光餐旅,255540,263072,197964,-2.8630945140493855,29.08407589258653,2137767,1730669,23.522579996521575,-
1141017,11409,2760,巨宇翔,觀光餐旅,19019,21676,9844,-12.257796641446761,93.20398212108898,187135,123227,51.862010760628756,"因合併認列新事業體營收,故較去年同期增加"
1141017,11409,2761,橘焱胡同,觀光餐旅,111710,128270,108401,-12.910267404693226,3.0525548657300208,1005894,879581,14.360587597958574,-
1141017,11409,2938,床的世界,居家生活,51904,68239,72212,-23.937924061020823,-28.12274968149338,532129,620042,-14.178555646230416,-
1141017,11409,2940,歐都納,運動休閒,71924,44023,64057,63.37823410489971,12.281249512153238,552766,589818,-6.281937818106602,-
1141017,11409,2942,京站,居家生活,90911,117278,97819,-22.482477532017942,-7.062022715423384,946318,960864,-1.5138458720484897,-
1141017,11409,3097,拍檔,電腦及週邊設備業,303321,244566,245852,24.024189789259342,23.375445389909377,2311631,2076664,11.314637322166705,-
1141017,11409,3117,年程,電子零組件業,51511,51263,51792,0.48377972416752824,-0.5425548347235094,459747,431242,6.6099776923398,-
1141017,11409,3158,嘉實,資訊服務業,85447,79307,80731,7.742065643638014,5.841622177354424,721766,653511,10.444353652807681,-
1141017,11409,3184,微邦,生技醫療業,24613,17091,22149,44.01146802410626,11.124655740665492,171835,174203,-1.3593336509704195,-
1141017,11409,3473,智通聯網,通信網路業,325,94746,9308,-99.65697760327613,-96.50837988826815,178113,345608,-48.46386657716256,本月營收較去年本月減少，主要係因本月客戶案件驗收未完成，故本月營收認列減少。
1141017,11409,3485,敘豐,光電業,36260,47461,47984,-23.600429826594468,-24.433144381460487,410903,454440,-9.580362644133439,配合客戶裝機
1141017,11409,3585,聯致,電子零組件業,36923,31467,26811,17.33879937712524,37.715862892096524,317579,265621,19.560953388474555,-
1141017,11409,3595,山太士,光電業,70773,67932,14268,4.182123299770359,396.0260723296888,350487,106234,229.91979968748234,本公司因營收增加所致。
1141017,11409,3603,建祥國際,電子通路業,15330,17047,19897,-10.072153458086467,-22.953209026486405,143040,148967,-3.978733545013325,-
1141017,11409,3616,泓辰,電機機械,647,2186,2267,-70.40256175663312,-71.46007940008822,30556,240326,-87.28560372161148,設備收入減少
1141017,11409,3633,云光,光電業,417048,429347,539058,-2.864582726792082,-22.633928074530015,4008921,4446741,-9.845862396753038,-
1141017,11409,3659,百辰,光電業,242246,256304,274259,-5.484892939634184,-11.672543107063031,2039618,2061144,-1.0443714752584001,-
1141017,11409,3678,聯享,光電業,38886,37481,29109,3.7485659400763054,33.58755024219314,345541,231898,49.00559728846303,-
1141017,11409,4115,善德生技,生技醫療業,61944,57374,59858,7.965280440617701,3.484914297169969,562090,579702,-3.038112685483231,-
1141017,11409,4117,普生,生技醫療業,13793,14572,11658,-5.345868789459237,18.313604391833934,155221,175127,-11.366608232882422,-
1141017,11409,4132,國鼎,生技醫療業,3583,4667,3725,-23.226912363402615,-3.8120805369127515,47034,32928,42.838921282798836,-
1141017,11409,4150,優你康,生技醫療業,62393,82144,55686,-24.044361121932216,12.04431993678842,494423,688791,-28.218719466427405,-
1141017,11409,4169,泰宗,生技醫療業,63703,51050,49700,24.785504407443682,28.175050301810867,510503,494633,3.2084393883950324,-
1141017,11409,4170,鑫品生醫,生技醫療業,4572,4027,6238,13.533647876831388,-26.707277973709523,47807,39107,22.246656608791266,-
1141017,11409,4172,因華,生技醫療業,5687,1868,136,204.44325481798714,4081.6176470588234,57968,27756,108.84853725320652,主係普癌汰與顯影劑銷售消長所致。
1141017,11409,4178,永笙-KY,生技醫療業,24256,30028,31786,-19.222059411216197,-23.68967469955326,281702,279274,0.8693970795706009,-
1141017,11409,4186,尖端醫,生技醫療業,30087,39177,27338,-23.202389156903283,10.05560026336967,272117,240339,13.22215703651925,-
1141017,11409,4194,禾生技,生技醫療業,0,0,16029,,-100.0,0,112352,-100.0,"本司112/11/13依分割計劃,將「台灣代理經銷」及「歐洲自有品牌醫材」業務分割予禾麗陽公司,故營收較去年同期減少,致營收波動大。"
1141017,11409,4195,基米,生技醫療業,57982,72015,51703,-19.486218148996738,12.144362996344507,488315,363178,34.45610692277616,-
1141017,11409,4197,暐世,生技醫療業,11939,16097,9570,-25.83090016773312,24.75444096133751,133814,78471,70.52669138917562,客戶調整庫存所致
1141017,11409,4431,敏成健康,其他,162453,156155,160073,4.033172168678557,1.4868216376278323,1435571,1285426,11.680563486346161,-
1141017,11409,4537,旭東,光電業,165767,159752,110917,3.765211077169613,49.45139158109217,1090675,907972,20.12209627609662,-
1141017,11409,4544,春日,電機機械,80169,111702,140706,-28.229575119514422,-43.02375165238156,879027,810437,8.46333521297769,-
1141017,11409,4546,長亨,電機機械,180691,178820,85349,1.0463035454647132,111.7083972864357,1422994,932212,52.647037369182115,配合客戶端需求交運。
1141017,11409,4553,盛復,電機機械,81385,66146,84509,23.038430139388627,-3.696647694328415,752348,758849,-0.856692174596,-
1141017,11409,4559,久裕興,運動休閒,92523,77217,113103,19.822059909087375,-18.195803824832232,729191,1011281,-27.894324129495164,-
1141017,11409,4565,宏偉,電機機械,136185,104470,101027,30.357997511247248,34.800597859978026,1302759,1163099,12.007576311216845,-
1141017,11409,4570,傑生,電機機械,114704,90351,103574,26.953769189051588,10.745940100797498,975294,1222085,-20.194258173531303,-
1141017,11409,4573,高明鐵,電機機械,52744,50309,50058,4.840088254586655,5.365775700187783,439790,477157,-7.831175063972655,-
1141017,11409,4575,銓寶,電機機械,93380,82714,91420,12.895035906859782,2.1439509954058193,753672,753480,0.025481764612199396,-
1141017,11409,4582,聚恆,綠能環保,289250,106535,61063,171.50701647345943,373.69110590701405,821767,571245,43.855438559637285,主係因採用完工比例法認列進度時點差異所致。
1141017,11409,4587,寶元數控,電機機械,70872,69964,59168,1.2978103024412555,19.780962682531097,665185,667241,-0.30813454209198776,-
1141017,11409,4589,碩陽電機,電機機械,53605,56033,80726,-4.333160815947745,-33.59636300572306,541649,729813,-25.782494967889036,-
1141017,11409,4590,富田,電機機械,182189,83353,130569,118.57521624896525,39.53465217624398,1008349,1826849,-44.80392194428768,-
1141017,11409,4724,宣捷幹細胞,生技醫療業,37007,36652,36969,0.9685692458801702,0.10278882306797588,364584,234191,55.678057653795406,本公司以增資發行新股與育禾管理顧問股份有限公司股東進行股份交換，11307起育禾管理顧問股份有限公司納入子公司，致營收增加。
1141017,11409,4732,彥臣,生技醫療業,16689,13608,15225,22.641093474426807,9.61576354679803,129222,180341,-28.345745005295523,-
1141017,11409,4738,大同精化,化學工業,29921,27812,25629,7.5830576729469295,16.7466541808108,249582,214531,16.338431275666455,-
1141017,11409,4765,磐采,化學工業,18943,18809,22196,0.7124249029719815,-14.655793836727339,196180,241523,-18.7737813789991,-
1141017,11409,4773,高福,化學工業,163822,186270,243056,-12.05132334782842,-32.5990718188401,1974935,2137619,-7.61052367143069,-
1141017,11409,4925,智微,半導體業,55288,52680,50973,4.950645406226272,8.4652659250976,374248,534747,-30.014006623693074,-
1141017,11409,4980,佐臻,電子零組件業,17890,19277,12555,-7.19510297245422,42.493030665073675,109364,85731,27.566457874047895,-
1141017,11409,5240,建騰,光電業,60914,53207,41175,14.484936192606236,47.93928354584092,352885,296206,19.13499388938779,-
1141017,11409,5246,勵威,半導體業,66037,74862,104266,-11.788357243995618,-36.66487637388986,776738,733207,5.937068249484797,-
1141017,11409,5248,景傳,光電業,22467,26004,31929,-13.601753576372866,-29.63450155031476,283079,342017,-17.232476748231814,本公司無子公司，以個別營業收入申報
1141017,11409,5254,欣訊科技,電子零組件業,61037,62261,51656,-1.9659176691668943,18.160523462908472,542449,465830,16.447845780649594,-
1141017,11409,5262,立達,半導體業,155310,158132,202810,-1.784585030227911,-23.420935851289386,1454524,1952859,-25.518227378423123,民國114年9月合併營業收入係依循會計研究發展基金會114年1月22日函以總額認列，相關比較期之營業收入金額亦據此重新列示。
1141017,11409,5267,龍翩,光電業,25004,28907,45798,-13.501919950185076,-45.40372942049871,233622,371445,-37.10455114485321,-
1141017,11409,5271,紘通,電子零組件業,68986,70112,53985,-1.6060018256503878,27.787348337501157,557709,447101,24.738929235228728,-
1141017,11409,5297,廣化,半導體業,43071,28140,13228,53.059701492537314,225.60477774417902,227494,235051,-3.2150469472582546,本期認列營收之機種不同
1141017,11409,5547,久舜,建材營造,156382,163543,254013,-4.378664938273115,-38.435434406900434,1600632,1723333,-7.1199820348127725,-
1141017,11409,5859,遠壽,金融業,6760047,6846124,4402898,-1.2573099756884334,53.536307223106235,49274027,60144295,-18.07364771671195,主要係因去年同期投資損失較大所致。
1141017,11409,5863,瑞興銀,金融業,111263,139287,92130,-20.119609152325772,20.76739389992402,1084505,897461,20.841462748799113,-
1141017,11409,6027,德信,金融業,66001,89437,-23740,-26.203920077820143,378.0160067396799,221706,242162,-8.447237799489598,本月較去年同期增加營業證券透過損益按公允價值衡量之淨利益。
1141017,11409,6028,公勝保經,金融業,423217,356784,369347,18.61994932508184,14.58520036713443,3531293,3246809,8.761956739678865,-
1141017,11409,6035,悠遊卡,金融業,157192,174862,154649,-10.105111459322208,1.6443688610983582,1432126,1463226,-2.1254406359646425,-
1141017,11409,6272,驊陞,電子零組件業,375541,339326,284498,10.672627502755462,32.001279446604194,3061912,2167325,41.2760891882851,-
1141017,11409,6403,群登,通信網路業,12997,14054,13613,-7.520990465347944,-4.525086314552266,105038,105291,-0.24028644423549972,-
1141017,11409,6407,相互,電子零組件業,310108,261341,252100,18.660294404628434,23.009916699722332,2159041,2027457,6.49010065318278,-
1141017,11409,6428,台灣淘米,文化創意業,4513,7436,4761,-39.308768154922,-5.208989708044529,47518,51290,-7.354260089686099,-
1141017,11409,6434,達輝光電,光電業,96302,103456,100805,-6.9150170120631,-4.467040325380686,953948,995532,-4.177063118011274,-
1141017,11409,6467,泰合,生技醫療業,0,58,0,-100.0,,7837,0,,主要品項仍在研發階段
1141017,11409,6473,美賣*,數位雲端,4634,12529,10170,-63.013807965519995,-54.43461160275319,59341,130842,-54.6468259427401,主要為廣告投放策略調整，故使淨額法業績下滑，總額法致力於去庫存化，致營收減少。
1141017,11409,6474,華豫寧,電子通路業,332069,332044,383865,0.00752912264639626,-13.49328539981504,2916500,3088769,-5.577270427150752,-
1141017,11409,6483,原創生醫,生技醫療業,0,0,0,,,381,0,,NA
1141017,11409,6493,雷虎生,生技醫療業,27741,36379,31502,-23.744467962285935,-11.93892451272935,310592,210694,47.413784920310974,-
1141017,11409,6518,康科特,生技醫療業,78120,80015,72617,-2.368305942635756,7.578115317349932,691044,655781,5.3772524669058726,-
1141017,11409,6536,碩豐,資訊服務業,8980,7725,7573,16.245954692556634,18.579162815264755,70125,68749,2.0014836579441155,-
1141017,11409,6539,麗彤,生技醫療業,66280,54608,39603,21.37415763258131,67.36105850566877,573862,387804,47.97732875370032,主係今年推出新產品及開發新型態銷售通路致營業收入較去年同期成長。
1141017,11409,6543,普惠醫工,生技醫療業,56607,58628,66076,-3.447158354369926,-14.330467946001574,532578,555071,-4.052274393726208,-
1141017,11409,6549,景凱,生技醫療業,0,0,0,,,0,0,,本年度尚無營業收入
1141017,11409,6555,榮炭,電子零組件業,127143,139756,31855,-9.0250150261885,299.1304347826087,853483,205740,314.83571498007194,儲能型產品穩定出貨並持續挹注營收。114年9月營收年增314.84%、月減9.03%。
1141017,11409,6559,研晶,光電業,7594,7235,8051,4.9619903248099515,-5.676313501428394,72631,60061,20.928722465493415,-
1141017,11409,6563,映智,半導體業,2450,15528,13719,-84.22205048943843,-82.14155550696115,92614,42585,117.48033345074556,新產品訂單出貨
1141017,11409,6564,安特羅,生技醫療業,5391,4016,1261,34.23804780876494,327.5178429817605,35513,27978,26.931875044677962,月營收增加係流感、破傷風及腸病毒疫苗銷售增加
1141017,11409,6565,物聯,數位雲端,22175,27026,26132,-17.94938207651891,-15.142354201744986,275198,198577,38.5850325062822,-
1141017,11409,6572,博錸,生技醫療業,7785,6100,3896,27.62295081967213,99.82032854209446,74095,43597,69.95435465743056,主要係本月專案收入較去年同期增加，致營收增加。
1141017,11409,6580,台睿,生技醫療業,3680,16,827,22900.0,344.9818621523579,16239,4490,261.67037861915367,差異係銷售西寧特藥物及硒保健食品之營收
1141017,11409,6583,友松,文化創意業,14577,12795,17802,13.927315357561547,-18.115942028985508,74948,110833,-32.377540985085666,本期節目較去年同期減少所致
1141017,11409,6586,醣基,生技醫療業,32,560,0,-94.28571428571429,,1336,1190,12.268907563025211,係依據IFRS15 會計原則，自114年01月起依合約期限認列前期授權金攤銷數。
1141017,11409,6595,光禹國際,文化創意業,10035,11509,16214,-12.807368146667825,-38.10904156901443,106623,131757,-19.076026321182177,-
1141017,11409,6599,普達系統,電腦及週邊設備業,130144,101336,94950,28.428199257914265,37.06582411795682,1000163,811143,23.302919460563675,-
1141017,11409,6610,安成生技,生技醫療業,0,0,0,,,0,0,,本公司為新藥研發生技公司，目前尚未有新藥商品化
1141017,11409,6614,資拓宏宇,數位雲端,648785,334537,291608,93.9351999928259,122.48532276206414,3248090,2800730,15.972978473469416,今年9月有大型軟硬體銷售專案驗收，故單月合併營收較去年同期增加超過50%。
1141017,11409,6618,永虹先進,化學工業,460,744,81,-38.17204301075269,467.9012345679012,18819,1915,882.7154046997389,本期受惠於碳纖維板材及生質燃料銷售
1141017,11409,6620,漢達,生技醫療業,88141,332141,63993,-73.46277635100755,37.73537730689294,1429332,642659,122.40908475567915,營收變動主要係認列Phyrago授權相關收入
1141017,11409,6621,華宇藥,生技醫療業,6482,7799,7475,-16.886780356455954,-13.284280936454849,67070,71605,-6.333356609175337,-
1141017,11409,6622,百聿數碼,文化創意業,2607,5874,11706,-55.61797752808989,-77.72936955407484,59095,135336,-56.334604244251345,主係去年同期合約收入較高，故較去年當月及累計合併營收減少。
1141017,11409,6634,欣耀,生技醫療業,0,0,0,,,0,0,,本月無依完工百分比法認列之勞務收入。
1141017,11409,6638,沅聖,電腦及週邊設備業,191929,182731,262999,5.033628667275941,-27.022916436944627,1316273,2004067,-34.31991046207537,-
1141017,11409,6639,源大環能,油電燃氣業,7543,7315,3951,3.116883116883117,90.9136927360162,79762,98998,-19.430695569607465,主係供應蒸氣噸數上升
1141017,11409,6648,斯其大,其他電子業,361,80245,9656,-99.55012773381519,-96.26139188069594,232701,366380,-36.48643484906381,"因產業特性及標案合約規範,每月出貨數量時程依客戶通知出貨"
1141017,11409,6650,帝圖,文化創意業,38673,719,630,5278.720445062587,6038.571428571428,108221,112663,-3.9427318640547475,本月營收較去年同期成長，主要係去年夏季拍賣會由9月延後至10月舉行，今年則於9月辦理，推升本月營收表現。
1141017,11409,6652,雅祥生醫,生技醫療業,1178,92,0,1180.4347826086957,,1730,0,,"114年9月份勞務收入和藥品銷售收入分別為94仟元和1,084千元，以致於本月及本年增減百分比達50%以上。"
1141017,11409,6665,康聯生醫,生技醫療業,95700,96933,109592,-1.2720126272786358,-12.676107745090883,841477,913016,-7.835459619546645,-
1141017,11409,6673,和詮,光電業,9092,10720,6542,-15.186567164179104,38.978905533476,94725,115023,-17.64690540152839,-
1141017,11409,6676,祥翊,生技醫療業,12484,23843,21640,-47.64081701128214,-42.310536044362294,166199,340326,-51.16476554832719,依訂單排程出貨，銷貨收入減少
1141017,11409,6677,瑩碩生技,生技醫療業,74269,62763,74197,18.332457020856236,0.09703896383950833,619794,654110,-5.2462124107566,-
1141017,11409,6682,華旭先進,光電業,154880,154266,11663,0.39801382028444376,1227.9602160679071,706188,153373,360.4382779237545,增加合併公司及散熱產品客戶需求持續上升。
1141017,11409,6696,仁新,生技醫療業,0,0,0,,,0,0,,無
1141017,11409,6699,奇邑,半導體業,3773,4149,811,-9.06242468064594,365.22811344019726,43407,15093,187.5968992248062,累計營收自4月起依反向收購會計處理計算，去年同期及累計為神雋營收。
1141017,11409,6704,國璽幹細胞,生技醫療業,17553,16717,15058,5.000897290183645,16.5692655067074,144863,123620,17.18411260313865,-
1141017,11409,6705,振躍精密,電機機械,31459,24646,29574,27.64343098271525,6.373841888144992,270039,267006,1.1359295296734906,-
1141017,11409,6707,富基電通,電子通路業,816419,728564,1076924,12.058652362729973,-24.189729265946344,6175397,8153303,-24.258953702566924,-
1141017,11409,6709,昱厚生技,生技醫療業,0,0,0,,,0,0,,不適用
1141017,11409,6722,輝創,其他電子業,428236,390142,420011,9.764137160315988,1.9582820449940597,3822042,3854122,-0.8323555922723774,-
1141017,11409,6723,傑智環境,綠能環保,67721,177076,51414,-61.7559691883711,31.717042050803283,858343,445311,92.75135803966216,依完工比例認列收入較多
1141017,11409,6725,矽科宏晟,其他電子業,302110,383065,295583,-21.133489094540092,2.2081784135082194,2789329,2314124,20.534984296433553,-
1141017,11409,6729,機光科技,光電業,7720,6876,12065,12.27457824316463,-36.013261500207214,98661,84974,16.107279873843765,-
1141017,11409,6730,常廣,生技醫療業,40795,42022,37359,-2.9198991004711816,9.197248320351187,363723,347788,4.581814208655848,-
1141017,11409,6734,安盛生,生技醫療業,943,2246,1136,-58.01424755120214,-16.989436619718308,19002,13547,40.26721783420683,-
1141017,11409,6737,秀育,電腦及週邊設備業,200021,215334,406510,-7.111278293256058,-50.79555238493518,2186180,3528034,-38.0340438895997,因訂單減少，致營收較去年同期衰退。
1141017,11409,6738,鼎恒,資訊服務業,13738,14625,19578,-6.064957264957265,-29.829400347328633,124070,180270,-31.175459033671714,-
1141017,11409,6744,豐技生技,生技醫療業,15344,22214,12591,-30.926442783830016,21.864824080692557,147402,126718,16.32285863097587,-
1141017,11409,6748,亞果生醫,生技醫療業,1154,1125,2108,2.577777777777778,-45.2561669829222,17204,28125,-38.830222222222226,-
1141017,11409,6750,泰創工程,其他電子業,251325,433315,242016,-41.99946920831266,3.8464399047996825,3565018,2300094,54.99444805299262,本公司採完工比例法認列工程收入，本年投入成本較去年增加所致
1141017,11409,6755,連鋐科技,電子零組件業,252871,249241,285061,1.4564216962698753,-11.292319889427175,2061446,1855868,11.077188679367282,-
1141017,11409,6758,冠亞,生技醫療業,34727,37936,34203,-8.4589835512442,1.5320293541502208,336015,302466,11.091825196881633,-
1141017,11409,6764,亞洲教育,其他,87345,92580,98940,-5.654569021386909,-11.71922377198302,742973,853274,-12.926797253871559,-
1141017,11409,6775,穎台科技,光電業,147722,172438,209102,-14.333267609227665,-29.354095130606115,1284326,1359448,-5.525919343733633,-
1141017,11409,6780,學習王,文化創意業,26180,32750,26739,-20.061068702290076,-2.0905793036388793,269806,275185,-1.9546850300706797,-
1141017,11409,6784,天凱科技,通信網路業,38661,17818,15119,116.97721405320462,155.7113565712018,241238,205784,17.22874470318392,訂單需求增加
1141017,11409,6786,芯測,半導體業,7561,7086,5806,6.703358735534858,30.22735101619015,58965,12013,390.84325314242903,本期係新增合約客戶及主要客戶續約所致
1141017,11409,6787,晶瑞光,光電業,12951,17465,10051,-25.845977669624965,28.852850462640532,122667,89465,37.11171966690885,-
1141017,11409,6793,天力離岸,其他,7191,5180,104456,38.82239382239382,-93.11576166041203,281174,899112,-68.72758899892338,本公司主要營業收入已於114/4全數生產完畢。另增加子公司營業收入。
1141017,11409,6797,圓點奈米,生技醫療業,15729,11874,20064,32.46589186457807,-21.605861244019138,109717,143016,-23.283408849359514,客戶需求變化
1141017,11409,6798,展逸,運動休閒,72580,82746,58389,-12.285790249679742,24.304235386802308,523305,525398,-0.3983646683085965,-
1141017,11409,6808,三鼎生技,生技醫療業,16445,10476,21909,56.9778541428026,-24.939522570633073,142007,107191,32.48033883441707,-
1141017,11409,6810,新穎生醫,生技醫療業,203,194,142,4.639175257731959,42.95774647887324,1723,2300,-25.08695652173913,本公司於114年9月有檢測試劑銷售及檢測收入
1141017,11409,6812,梭特,光電業,32688,25997,41117,25.737585105973768,-20.500036481260793,385450,292792,31.646356457826716,因市場因素及產業特性，致營收波動較大。
1141017,11409,6814,路迦生醫,生技醫療業,14961,16181,15742,-7.539707063840306,-4.961250158810825,135352,146171,-7.4016049695219985,-
1141017,11409,6815,晶鑽生醫,生技醫療業,31915,33870,62726,-5.772069678181281,-49.11998214456525,422763,551481,-23.340423332807475,-
1141017,11409,6816,捷智商訊,資訊服務業,14316,13899,7507,3.0002158428663934,90.70201145597443,115929,88703,30.693437651488676,本月專案服務收入較去年同期增加
1141017,11409,6817,溫士頓,生技醫療業,62848,59461,67690,5.696170599216293,-7.153198404491063,537711,502912,6.919500827182489,-
1141017,11409,6818,連騰,通信網路業,106027,99649,110636,6.400465634376662,-4.165913445894645,901403,777893,15.877505003901565,-
1141017,11409,6819,眾智,半導體業,22302,25178,26893,-11.422670585431726,-17.071356858662107,181593,181900,-0.16877405167674547,-
1141017,11409,6820,連訊,通信網路業,69003,66985,65532,3.012614764499515,5.296648965390954,636574,487902,30.471693085906598,-
1141017,11409,6825,和暢科技,電腦及週邊設備業,89490,39347,82723,127.43792411111393,8.180312609552361,578450,423922,36.45198880926208,-
1141017,11409,6826,和淞,其他電子業,1724441,1459846,1759009,18.12485700546496,-1.9651974492455695,12135126,11405708,6.395201420201183,-
1141017,11409,6827,巨生醫,生技醫療業,0,0,0,,,0,14,-100.0,無
1141017,11409,6831,邁科,電腦及週邊設備業,336305,396860,182525,-15.258529456231416,84.25147240104096,2762684,1478462,86.86202283183471,業績成長
1141017,11409,6832,金鼎科,其他,43130,33542,37144,28.585057539800847,16.11565797975447,352758,339434,3.925358096124725,-
1141017,11409,6833,太康精密,電子零組件業,70191,64185,80557,9.3573264781491,-12.867907196146827,691861,704279,-1.7632216777725873,-
1141017,11409,6839,開陽能源,綠能環保,130766,209206,170464,-37.49414452740361,-23.28820161441712,1367434,1315512,3.946904323183673,-
1141017,11409,6842,一元素,半導體業,46241,84296,23487,-45.14449084179558,96.87912462213139,433087,364635,18.772745348087813,本月營收增加，主係客戶需求增加所致。
1141017,11409,6847,普瑞博,生技醫療業,5193,8388,7136,-38.09012875536481,-27.228139013452914,59028,53244,10.863195853053865,-
1141017,11409,6848,拉法醫,生技醫療業,21974,17441,17765,25.990482197121725,23.692654095130877,162810,164774,-1.191935620911066,-
1141017,11409,6849,奇鼎科技,其他電子業,109831,60781,185496,80.69956071798752,-40.79063699486781,1041372,1470837,-29.198680751164133,-
1141017,11409,6850,光鼎生技,生技醫療業,12381,20867,18391,-40.66708199549528,-32.67902778532978,152615,141288,8.016958269633657,-
1141017,11409,6857,宏碁智醫,生技醫療業,4421,1972,3444,124.18864097363083,28.368176538908248,38664,34565,11.85881672211775,-
1141017,11409,6858,愛比科技,電腦及週邊設備業,60327,53100,51259,13.610169491525424,17.690551903080436,380081,414788,-8.367406964521635,-
1141017,11409,6864,元樟生技,生技醫療業,119,90,30,32.22222222222222,296.6666666666667,581,454,27.973568281938327,推出促銷方案，吸引客流，使營收較去年同期提升
1141017,11409,6867,坦德科技,光電業,34546,33987,28389,1.644746520728514,21.68797773785621,318014,343658,-7.462069848512184,-
1141017,11409,6868,采威國際,資訊服務業,29356,37003,64312,-20.665891954706375,-54.35377534519219,369650,471067,-21.52920922076902,關稅因素明朗，公司已加快營運節奏並積極推進市場開發，預期客戶需求轉化為訂單將逐步顯現。
1141017,11409,6876,朗齊生醫*,生技醫療業,0,0,0,,,0,2484,-100.0,無。
1141017,11409,6878,歐付寶,金融業,695,653,729,6.431852986217458,-4.663923182441701,5902,6035,-2.203811101905551,-
1141017,11409,6879,大江基因,生技醫療業,25187,17498,33032,43.94216481883644,-23.74969726325987,213176,244526,-12.820722540752312,-
1141017,11409,6882,甲尚,資訊服務業,19915,29044,20489,-31.43162098884451,-2.801503245644004,185129,208991,-11.417716552387423,-
1141017,11409,6883,微電能源,綠能環保,25870,17293,18136,49.59810327878332,42.6444640494045,848340,1025313,-17.260387803529262,-
1141017,11409,6884,海柏特,資訊服務業,94993,91899,102681,3.3667395727918694,-7.487266388134124,845961,885189,-4.431595964251702,-
1141017,11409,6886,遠東生技,食品工業,35291,35997,48802,-1.9612745506569993,-27.685340764722756,295725,271925,8.7524133492691,-
1141017,11409,6891,樂迦再生,生技醫療業,845,1513,0,-44.150693985459355,,6523,634,928.8643533123028,於出貨時認列營業收入。
1141017,11409,6892,台寶生醫,生技醫療業,4930,3032,5378,62.598944591029024,-8.330234287839346,35737,39477,-9.4738708615143,-
1141017,11409,6898,程曦資訊,資訊服務業,103480,96138,92439,7.63693856747592,11.944092861238222,857372,844728,1.4968131753653247,-
1141017,11409,6908,宏碁遊戲,電子通路業,441464,409452,276720,7.818254642790852,59.534547557097426,3722563,2894688,28.599800738456096,本年累計營收增加主係因受惠於香港及新加坡市場PlayStation代理業務及子公司新收購的上海業務之營收認列
1141017,11409,6910,德鴻,數位雲端,38903,33656,21711,15.590087948657,79.18566625213026,277009,211623,30.897397730870463,無
1141017,11409,6911,群運,其他,43566,39440,35711,10.461460446247465,21.996023634174342,357971,338566,5.73152649704932,-
1141017,11409,6912,益鈞環科*,綠能環保,21,51,197,-58.8235294117647,-89.34010152284264,539,1111,-51.48514851485149,114/02衛福部試營運許可，蘆竹廠試運轉期間
1141017,11409,6915,美強光,電子零組件業,17892,17095,25530,4.662181924539339,-29.91774383078731,203477,283860,-28.317832734446558,-
1141017,11409,6917,竟天,生技醫療業,1381,1206,62,14.510779436152571,2127.4193548387098,2673,182,1368.6813186813188,本月及本年度累計營業收入較增，主係合作開發暨授權合約收入及學名藥銷售較增所致。
1141017,11409,6920,恆勁科技,半導體業,121725,120464,93767,1.046785761721344,29.816459948595988,1053322,858802,22.650156846397657,-
1141017,11409,6926,聖安生醫,生技醫療業,20000,0,0,,,20000,0,,本月營收較去年同期增加，且本年累計營收較去年增加，主因係114年9月有技術授權簽約金收入，前期無此情事。
1141017,11409,6927,聯合聚晶,半導體業,41880,41049,55082,2.024409851640722,-23.967902400058094,442829,398702,11.06766457153463,-
1141017,11409,6932,水星生醫*,生技醫療業,0,0,0,,,0,4896,-100.0,本年累計營收較去年減少50%以上，主係本年依收入認列原則，無可認列之收入所致。
1141017,11409,6934,心誠鎂,生技醫療業,3767,49,3650,7587.755102040816,3.2054794520547945,17754,36533,-51.40284126679988,差異主係2024年有一為期12個的開發案，每月按照完工比例法認列收入；2025年度無此專案所致。
1141017,11409,6935,王子製藥,食品工業,103611,87800,54529,18.007972665148063,90.01081993067909,734269,504724,45.47931146527607,本月營收較去年同期營收增加，係因客戶訂單增加所致。
1141017,11409,6938,藍新資訊,資訊服務業,57700,41222,37612,39.973800397845814,53.40848665319579,397912,340331,16.919116977295634,因近期雲端基礎設備採購需求增加，故營業收入較去年同期增加。
1141017,11409,6939,啟弘生技,生技醫療業,20042,15595,14296,28.515549855722988,40.19306099608282,139688,132668,5.291404106491392,-
1141017,11409,6940,格斯科技*,電子零組件業,75215,110309,50294,-31.814267194879836,49.5506422237245,639416,199045,221.24193021678514,本月營收增加，主係出貨量增加所致。
1141017,11409,6945,圓祥生技,生技醫療業,0,0,0,,,0,0,,本月無收入
1141017,11409,6946,三地能源,綠能環保,97305,101615,85924,-4.241499778575998,13.24542619058703,839903,748523,12.20804170346135,-
1141017,11409,6947,台鎔科技,綠能環保,122555,110596,66164,10.813230134905421,85.22912762227193,853864,593447,43.882098991148325,因子公司營收增長所致。
1141017,11409,6959,兆捷科技,化學工業,62562,114652,41355,-45.433136796567005,51.2803772216177,555898,351870,57.983914513882965,"因客戶端需求增加,反應在出貨量所致"
1141017,11409,6961,旅天下,觀光餐旅,292801,371374,381809,-21.157377737806094,-23.31217965003444,3240347,3446096,-5.970495308314104,-
1141017,11409,6963,品元,食品工業,68202,64938,88769,5.026332809756999,-23.1691243564758,728012,663055,9.796623206219696,-
1141017,11409,6972,博瑞達應材,化學工業,444564,518942,546590,-14.332622913543325,-18.665910463052747,4358159,4393490,-0.8041670744669955,-
1141017,11409,6973,永立榮,生技醫療業,8015,10672,3902,-24.896926536731634,105.40748334187596,64771,31967,102.61832514780868,因客戶需求增加，致本月及本年累計營收均較去年同期增加
1141017,11409,6976,育世博-KY,生技醫療業,0,0,0,,,185,311,-40.51446945337621,主要係認列勞務收入時間差異所致
1141017,11409,6977,聯純,綠能環保,165552,144562,59406,14.519721641925264,178.6789213210787,1597210,363778,339.0617354540407,本月專案工程進度較去年同期增加
1141017,11409,6979,勝釩,光電業,59852,70496,38764,-15.098729005901044,54.400990609844186,521264,409942,27.155548833737456,訂單增加
1141017,11409,6980,鐳洋科技,通信網路業,39613,37798,32964,4.80184136726811,20.170489018323018,288104,201670,42.859126295433136,-
1141017,11409,6983,華洋精機,其他電子業,84162,28789,3383,192.34082462051478,2387.7919006798697,244027,158218,54.234663565460316,本期營收較去年同期增加，主要是出貨增加所致。
1141017,11409,6984,ACpay,數位雲端,10152,11095,19709,-8.499324019828752,-48.49053731797656,123191,102800,19.835603112840467,-
1141017,11409,6986,和迅,生技醫療業,21663,20431,21284,6.030052371396407,1.78068032324751,207967,203560,2.1649636470819416,-
1141017,11409,6987,寶晶能源*,綠能環保,110530,137035,71443,-19.341773999343232,54.71074842881738,903895,714426,26.52045138334831,光儲案場增額收入及調整發電之暫估及實際收入差異。
1141017,11409,6990,華鉬,綠能環保,142490,100291,72683,42.07655721849418,96.04309123178734,890818,946669,-5.8997389795165995,較去年同期增加，主因去年同期受颱風影響，部分裝船日認列遞延，以及本期國內客戶訂單增加所致。
1141017,11409,6995,野獸國,其他,99491,151147,99758,-34.1760008468577,-0.2676477074520339,995265,998158,-0.28983387399590044,-
1141017,11409,6999,瀚醫生技,生技醫療業,10433,11311,8985,-7.762355229422686,16.115748469671676,94512,81946,15.334488565640788,-
1141017,11409,7419,達勝,電子零組件業,4263,3554,15640,19.94935284186832,-72.74296675191816,55773,56170,-0.7067829802385616,本期客戶需求減少。
1141017,11409,7427,華上生醫,生技醫療業,129,181,166,-28.7292817679558,-22.289156626506024,933,1168,-20.11986301369863,-
1141017,11409,7443,凡事康,其他,42314,47419,46371,-10.765726818363946,-8.749002609389489,424152,429119,-1.1574877831091142,-
1141017,11409,7455,樺緯物聯,電腦及週邊設備業,62052,60840,42377,1.9921104536489151,46.42848715104892,637935,599567,6.399284817209753,-
1141017,11409,7507,環拓科技,綠能環保,36062,31627,16051,14.022828595820027,124.67136003987291,285349,244031,16.93145542984293,主係設備銷售工程收入增加所致
1141017,11409,7516,清淨海,其他,30791,20848,30166,47.69282425172678,2.071868991579924,238692,225687,5.7624054553430195,-
1141017,11409,7530,鋒魁科技,半導體業,12287,11515,9664,6.704298740772905,27.141970198675498,126407,161145,-21.55698284154023,-
1141017,11409,7551,知識科技,數位雲端,14823,14830,13946,-0.04720161834120027,6.288541517280941,131213,166193,-21.047817898467443,-
1141017,11409,7558,群利科技,其他,35338,32098,32797,10.09408685899433,7.7476598469372195,270645,209739,29.038948407306222,-
1141017,11409,7561,光晟生技,生技醫療業,17090,21553,17346,-20.70709414002691,-1.4758445751181828,174264,147120,18.450244698205548,-
1141017,11409,7562,博來科技,電腦及週邊設備業,47507,62481,42072,-23.9656855684128,12.918330481080053,567463,458733,23.70224073698644,-
1141017,11409,7566,亞果遊艇,觀光餐旅,20908,26016,22638,-19.634071340713408,-7.6420178460994785,318955,270352,17.97767355151802,-
1141017,11409,7575,安美得,生技醫療業,67367,69567,67281,-3.1624189630140727,0.12782211917183156,610558,594086,2.772662543806789,-
1141017,11409,7578,利百景,其他,45092,34923,37533,29.11834607565215,20.139610476114353,334360,330220,1.253709648113379,-
1141017,11409,7583,國際海洋,綠能環保,164674,164233,103705,0.26852094280686584,58.79080082927535,926223,932843,-0.709658538467888,本月較去年同期增加，主係今年新承接離岸風場維運專案所致。
1141017,11409,7590,怡和國際,其他,230520,286871,65622,-19.643324002774765,251.28463015452135,1724880,607829,183.77718075313945,工程案陸續完成階段進度及訂單增加所致。
1141017,11409,7595,世基生醫,生技醫療業,20856,28096,9580,-25.76879271070615,117.7035490605428,138811,79018,75.67010048343415,本年度市場需求增加
1141017,11409,7607,通用幹細胞*,生技醫療業,2875,1862,1235,54.40386680988185,132.79352226720647,16536,8915,85.48513740886148,本期累計營業收入較去年增加，主係產品及技術授權收入增加所致
1141017,11409,7689,大鵬科CLMX,通信網路業,404501,0,328666,,23.073576214150535,3348264,2830548,18.29030986225989,-
1141017,11409,7702,前端風電,綠能環保,4423,11130,15068,-60.26055705300988,-70.64640297318822,1011454,165378,511.6013012613528,本年增加百分比達50%以上，主係因今年銷售方面較去年多元，因此營業收入增加。
1141017,11409,7706,宏碁創達,其他,45025,45986,41038,-2.089766450658896,9.71538574004581,387147,357188,8.38745982507811,-
1141017,11409,7707,益芯科,半導體業,45087,33428,31230,34.87794663156635,44.370797310278576,352596,558577,-36.876026044753004,-
1141017,11409,7711,永擎,電腦及週邊設備業,3183815,2119208,628101,50.23607876149958,406.8953878436748,17510549,4782149,266.1648560092962,顧客需求強勁
1141017,11409,7716,昱臺國際,航運業,147906,167178,170236,-11.527832609553888,-13.117084517963297,1529814,1519265,0.6943489121384354,-
1141017,11409,7719,碳基,其他,2771,837,163,231.06332138590204,1600.0,17956,36381,-50.644567219152854,本年營收減少主係因客戶訂單需求減少
1141017,11409,7724,諾亞克,生技醫療業,39978,35538,31119,12.493668748944792,28.468138436325074,298047,307930,-3.209495664599097,-
1141017,11409,7725,列特博,生技醫療業,8133,7231,4715,12.474069976490112,72.49204665959704,57823,54355,6.38027780332996,9月單月較去年同期增加，係因開發之新產品出貨。
1141017,11409,7726,暄達,生技醫療業,34882,28531,14953,22.259997897024288,133.2776031565572,231958,258077,-10.120622914866493,客戶需求增加
1141017,11409,7729,仲恩生醫,生技醫療業,0,0,0,,,0,0,,不適用
1141017,11409,7730,暉盛,半導體業,56418,19254,54078,193.0196322842007,4.327083102185732,355569,376721,-5.614765303765917,-
1141017,11409,7731,火星生技*,食品工業,52155,52587,57067,-0.8214958069484853,-8.607426358490896,449314,367329,22.31922881122917,-
1141017,11409,7737,凱鈿,數位雲端,25704,25994,35771,-1.1156420712472108,-28.142909060412066,277747,302328,-8.130573416951126,-
1141017,11409,7742,天弘化,化學工業,124192,96844,86664,28.239230102019743,43.30287085756485,642291,644741,-0.37999754940355895,-
1141017,11409,7744,崴寶,電子零組件業,197396,241344,120221,-18.209692389286662,64.19427554254248,1727663,984134,75.55160171277488,主係客戶需求增加所致。
1141017,11409,7748,鑫囍創業,其他,23382,20238,50557,15.535131930032613,-53.751211503847145,130859,129715,0.8819334695293528,"營收增長主因係本月有部分今年開案已如期執行，並認列當月結案之收入,收入依完工比例法認列。"
1141017,11409,7752,世紀樺欣,綠能環保,217337,194736,42373,11.605969106893435,412.91388384112526,2662816,559201,376.182267199093,本月增加百分比達50%以上，主係因工程進度所致。
1141017,11409,7754,安基生技,生技醫療業,61,63,1468,-3.1746031746031744,-95.84468664850137,7304,90321,-91.91328705395202,本月營收較去年同期減少，主因為與 Avenue 解約後，不再依完工比例法認列其相關收入所致。
1141017,11409,7756,多那之,觀光餐旅,106013,113283,99169,-6.417556032237846,6.90135022033095,938833,919161,2.1402126504497034,-
1141017,11409,7757,金色三麥,觀光餐旅,194607,226756,181617,-14.17779463387959,7.152414146252829,1703935,1641945,3.775400515851627,-
1141017,11409,7758,睿騰能源,電子零組件業,5734,6881,9475,-16.66908879523325,-39.482849604221634,163136,94305,72.98764646625311,本年客戶需求提升增加出貨營收
1141017,11409,7759,視航生醫,生技醫療業,0,0,0,,,0,0,,無
1141017,11409,7760,享溫馨,觀光餐旅,84627,104232,103032,-18.809002993322586,-17.863382250174702,978866,990230,-1.1476121709097886,-
1141017,11409,7761,三大未來,綠能環保,22623,20069,13539,12.726094972345408,67.09505871925549,168110,73045,130.14580053391745,產能增加
1141017,11409,7762,吉晟生,生技醫療業,21688,22090,11382,-1.8198279764599365,90.54647689334037,150708,90680,66.19761799735333,訂單需求增加及合併子公司營收
1141017,11409,7763,崇舜,化學工業,87505,88823,78246,-1.4838499037411481,11.833192751067147,799446,690804,15.726892143068078,-
1141017,11409,7764,聖州,其他,66980,63945,66206,4.746266322621002,1.1690783312690693,582920,562751,3.5840007392256967,-
1141017,11409,7767,仁大資訊,資訊服務業,192941,192789,230052,0.07884267255911903,-16.131570253681776,1702323,1729691,-1.582247927520002,-
1141017,11409,7768,頌勝科技,半導體業,138537,176278,174023,-21.409932039165408,-20.391557437809944,1510623,1459500,3.5027749229188077,-
1141017,11409,7769,鴻勁,半導體業,2861577,2724112,1237418,5.046231579318325,131.25386894323503,20995036,9032156,132.44766808722082,主要係因市場需求較去年同期成長所致。
1141017,11409,7770,君曜,半導體業,47891,45998,41824,4.115396321579199,14.506025248661055,385548,328101,17.508937796593123,-
1141017,11409,7772,耀穎,半導體業,29322,25400,33808,15.440944881889763,-13.269048745858969,304478,275322,10.589782145996324,-
1141017,11409,7773,富禾生醫,生技醫療業,4538,3623,2434,25.255313276290366,86.44207066557108,30122,12162,147.67308008551225,本期營業收入及累計營業收入較去年增加，主係銷貨收入增加所致。
1141017,11409,7776,奧孟亞,生技醫療業,119,118,119,0.847457627118644,0.0,4292,21247,-79.7995011060385,本期累計授權收入較去年累計減少
1141017,11409,7777,能率亞洲,其他,-4135,59178,9152,-106.9873939639731,-145.18138111888112,88356,82733,6.796562435787412,營業收入為投資標的之評價損益(含已實現及未實現)，投資標的的股數及公允價值變動情形，請參考本公司網站投資人專區/財務資訊。
1141017,11409,7779,鍇睿國際,運動休閒,21145,21355,17298,-0.9833762584874737,22.239565267661,156359,140189,11.53442852149598,-
1141017,11409,7781,昕力資*,數位雲端,47208,44143,44335,6.943343225426455,6.480207510995827,532461,471895,12.834634823424702,-
1141017,11409,7782,光速火箭,居家生活,60613,63040,62629,-3.8499365482233503,-3.218956074661898,519960,508809,2.1915885921829212,-
1141017,11409,7783,佳運,綠能環保,208557,153441,63155,35.91999530764268,230.23038555933815,1217275,1074404,13.297698072605835,本月營收成長，主要係因能源及其他工程之大型專案按進度推進，帶動營收增加。
1141017,11409,7785,北祥科服,數位雲端,141589,105009,95825,34.83510937157767,47.75789199060788,1260977,1255577,0.4300811499414214,-
1141017,11409,7786,東方風能,綠能環保,1372411,1439391,663629,-4.65335687106561,106.80395220823684,8397423,5321587,57.7992241788023,主係因業務持續成長所致。
1141017,11409,7789,開展,觀光餐旅,170322,213658,149785,-20.28288198897303,13.710985746236272,1591202,1469189,8.304785837628787,-
1141017,11409,7790,思必瑞特,生技醫療業,22583,21630,19006,4.405917706888581,18.820372513942964,212215,159263,33.24814928765627,-
1141017,11409,7791,皇家可口,食品工業,239334,287953,232989,-16.884352654773522,2.7233045336904316,2070171,2139842,-3.255894594086853,-
1141017,11409,7792,安葆,其他電子業,462051,404682,412792,14.176316218660578,11.933128549002888,4141228,3017179,37.25496564837552,-
1141017,11409,7794,宏碁智新,居家生活,106807,82720,152736,29.118713733075435,-30.070841190027238,737849,619504,19.10318577442599,-
1141017,11409,7795,長廣,電子零組件業,113712,170124,74372,-33.15934259716442,52.896251277362445,1262895,1736289,-27.26470074970238,受到市場需求循環及客戶驗收進度影響，導致本月營收較去年同期增加50%。
1141017,11409,7796,擷發科,半導體業,1717,2515,19450,-31.72962226640159,-91.17223650385604,45144,49988,-9.69032567816276,主係按完比法認列
1141017,11409,7797,Q Burger,觀光餐旅,205523,215044,198925,-4.427466006956716,3.3168279502324998,1770418,1644020,7.688349290154621,-
1141017,11409,7801,華芸科技,資訊服務業,59108,36046,31349,63.979359707041006,88.54827905196338,422123,359355,17.466850329061792,係因市場需求增加所致
1141017,11409,7803,雲象科技,生技醫療業,24145,63850,660,-62.184808144087704,3558.3333333333335,139421,49747,180.26011618791082,本月有專案驗收完成，故認列輸入
1141017,11409,7805,威聯通,數位雲端,521843,463992,467359,12.468102898325833,11.65784760751371,4596426,4332756,6.085503083949338,-
1141017,11409,7806,精華生醫,食品工業,33723,49977,32320,-32.522960561858454,4.340965346534653,402538,321781,25.096882662431902,-
1141017,11409,7808,訊聯智藥,生技醫療業,11649,14439,5420,-19.322667774776647,114.92619926199262,98373,55818,76.23884768354294,本月銷售狀況較去年同期成長，主因係市場經營成果，客戶需求增加致營收成長。
1141017,11409,7810,捷創科技,半導體業,45063,35155,36075,28.183757644716255,24.914760914760915,368374,297290,23.91065962528171,-
1141017,11409,7811,民盛,運動休閒,228418,228529,254582,-0.04857151608767377,-10.277238767862613,2213365,1869251,18.409191702986917,-
1141017,11409,7812,稜研科技*,通信網路業,3322,5434,8051,-38.8663967611336,-58.73804496335859,103553,70453,46.981675727080464,本月營收較去年同期減少，主要因部分訂單出貨遞延所致，並非需求疲弱或市場變化。
1141017,11409,7813,宇辰系統,其他電子業,186507,172401,165300,8.182087110863627,12.82940108892922,1397242,1264407,10.505715327422262,-
1141017,11409,7814,海昌生技,生技醫療業,8186,6344,13887,29.03530895334174,-41.05278317851228,55520,67827,-18.144691641971487,-
1141017,11409,7815,新特,半導體業,85835,98744,72766,-13.073199384266387,17.960311134320975,788591,601907,31.01542264834933,-
1141017,11409,7816,來穎,電子零組件業,176338,191223,154790,-7.78410546848444,13.920795917048904,2529385,1334137,89.58959986867916,依客戶訂單出貨認列營收所致。
1141017,11409,7818,溢泰實業,其他,1002195,945264,1168701,6.022761895089626,-14.24709998536837,9525006,9861858,-3.415705235260942,-
1141017,11409,7819,精誠金融,資訊服務業,38725,33194,37327,16.6626498764837,3.7452782168403567,401567,313073,28.266251002162434,-
1141017,11409,7820,立盈,綠能環保,25145,27415,18572,-8.280138610249864,35.39198793883265,214127,121138,76.76286549224851,本年累計營收較去年同期成長，主要係產能較去年同期擴增所致。
1141017,11409,7821,神數,其他電子業,675712,614678,580469,9.929426463937215,16.407939097522863,5944434,4851904,22.51755187241957,-
1141017,11409,7822,倍利科,半導體業,224962,172919,104509,30.096750501679978,115.25610234525256,1306481,367282,255.71604380285447,本月認列設備營收較前期多
1141017,11409,7824,智寶,其他,10261,0,18545,,-44.66972229711512,143909,92239,56.017519704246574,114年IP製片收入成長所致。
1141017,11409,7825,和亞智慧,其他電子業,22652,35292,16496,-35.81548226226907,37.31813773035888,281546,187848,49.87968996209702,本月及本年營收較去年本月及去年累計營收增加50%以上，主要皆係自動化設備收入增加所致。
1141017,11409,7826,極風雲創,數位雲端,12592,9677,9648,30.122971995453135,30.514096185737976,95779,73326,30.620789351662438,-
1141017,11409,7827,漢康-KY,生技醫療業,312223,0,0,,,312223,0,,增減變動差異原因: 係本期因授權相關履約義務已經達成而認列相關授權收入，去年同期則尚無此情形
1141017,11409,7828,創新服務,半導體業,77194,53757,983,43.59804304555686,7752.899287894202,321863,84204,282.2419362500594,依客戶訂單交期安排，本月出貨量較去年同期增加。
1141017,11409,7829,思捷優達-KY,生技醫療業,0,0,0,,,0,0,,本公司目前正處於新藥開發階段，尚未進入商業化階段，且尚無產生重大之進貨及銷貨等商業&#64008;為
1141017,11409,7831,捷博,居家生活,19664,21214,10480,-7.306495710379938,87.63358778625954,140179,121319,15.54579249746536,拓展新營業據點
1141017,11409,7832,智新生技*,生技醫療業,796,0,265,,200.37735849056602,2388,3584,-33.370535714285715,本公司本月較去年度增加主要係提供試驗測試勞務服務增加所致。
1141017,11409,7833,綠岩能源,綠能環保,54089,30827,98271,75.45982418010186,-44.959347111558856,648479,431847,50.16406273518167,本年營收較去年同期營收增加，主要係因承接工程案件依進度認列收入所致
1141017,11409,7834,來毅數位,資訊服務業,1565,2003,2733,-21.867199201198204,-42.73691913648006,21385,13912,53.71621621621622,本公司自114年持續增聘研發技術及業務人員，增加產品及服務量能，帶動穩定成長，114年累積營收較去年同期提升。
1141017,11409,7836,今網智慧,其他,74621,74654,68791,-0.04420392745197846,8.474945850474626,661609,583911,13.306479925879115,-
1141017,11409,7837,啟新生,生技醫療業,90742,99131,63772,-8.462539467976718,42.29128771247569,785447,593614,32.31611788131681,-
1141017,11409,7839,達人網,數位雲端,14539,14715,14147,-1.1960584437648658,2.7709054923305296,130272,119523,8.99324816144173,-
1141017,11409,7840,祥圃,農業科技,159219,153904,167795,3.4534515022351595,-5.110998539884979,1327379,1382431,-3.982260235773069,-
1141017,11409,7841,經貿聯網,資訊服務業,30661,28667,25342,6.955733072871245,20.988872227922027,334314,277168,20.617820238988628,-
1141017,11409,7842,天能綠電,綠能環保,214515,186556,84008,14.98692081734171,155.3506808875345,1662964,734166,126.51062566231616,本月營收及本年累計營收增加，主要係因售電業務成長所致。
1141017,11409,7843,英柏得,半導體業,30275,27408,18379,10.460449503794512,64.72604603079601,235336,216100,8.901434521055068,市場回溫，帶動客戶需求增加，致本期營收較去年同期成長。
1141017,11409,7846,德揚,綠能環保,69397,60335,53081,15.019474600149167,30.737928825756864,563672,459518,22.665923859348272,-
1141017,11409,7847,豊漁,觀光餐旅,72427,83839,80179,-13.61180357590143,-9.66836702877312,720664,735051,-1.9572791547797364,-
1141017,11409,7848,騏億鑫,其他電子業,131363,223078,171168,-41.113422211065185,-23.254930828192187,1303254,1348255,-3.3377217217811173,-
1141017,11409,7849,旭誼,其他電子業,26953,34221,62323,-21.23842085269279,-56.75272371355679,393642,351939,11.849496645725537,本月營收較去年同期減少，主係因本月正在進行之專案投入較去年同期減少所致。
1141017,11409,7850,寶泰生醫,生技醫療業,1676,1656,4,1.2077294685990339,41800.0,13033,7,186085.7142857143,本公司於113年8月推出首款引入之寵物保健品，且於114年3月併購牧騰生技，啟動獸醫院通路及搭配檢測試劑等，致營收增長。
1141017,11409,7853,政美應用,半導體業,5387,27329,5105,-80.28833839511142,5.523996082272282,258088,186048,38.72119023047816,-
1141017,11409,7855,和運租車,其他,2004553,0,2444348,,-17.992323515309604,21641749,22282209,-2.874311070325209,-
1141017,11409,7856,漢測,半導體業,205506,234010,164837,-12.180676039485492,24.672251982261265,1608651,1169143,37.59232189732137,-
1141017,11409,7857,合水先進,綠能環保,173011,64080,131105,169.9921972534332,31.963693222989207,1575788,928832,69.65263901329843,本年累計營業收入較去年同期增加達50%以上，主係工程收入上升所致。
1141017,11409,7858,芝普,化學工業,169812,0,135448,,25.370621936093556,1098992,1130230,-2.763862222733426,-
1141017,11409,7860,得生製藥,生技醫療業,86096,70346,96588,22.389332726807496,-10.862633039300949,640950,659492,-2.8115579870567045,-
1141017,11409,7863,中科物流,航運業,29706,0,28945,,2.6291242010709968,271502,241279,12.526162658167516,無
1141017,11409,7865,金聯成,綠能環保,29175,0,31812,,-8.289324783100717,271094,258048,5.055648561507937,-
1141017,11409,7867,特力屋,居家生活,696070,0,784161,,-11.233789999757702,6773281,7256616,-6.660611502661847,-
1141017,11409,8058,耐特,其他電子業,172389,177030,221934,-2.6215895610913407,-22.324204493227715,1815655,1787272,1.5880627011445376,-
1141017,11409,8098,慶康科技,半導體業,58308,53080,38745,9.849284099472495,50.49167634533488,469827,330830,42.01462987032615,因客戶終端需求增加，故本期營收隨之增加。
1141017,11409,8102,傑霖科技,半導體業,31146,32135,31216,-3.0776412011825114,-0.22424397744746283,327006,394190,-17.043557675232755,-
1141017,11409,8119,公信,電腦及週邊設備業,73937,48562,86014,52.25279024751864,-14.040737554351617,535743,603495,-11.226605025725151,-
1141017,11409,8298,威睿,資訊服務業,8702,7496,12874,16.088580576307365,-32.40640049712599,61539,80014,-23.089709300872347,-
1141017,11409,8329,台視,文化創意業,61731,56856,64856,8.574292950612072,-4.818366843468607,665619,828346,-19.64481026044672,-
1141017,11409,8345,超秦,農業科技,349911,324706,297359,7.762406607823693,17.672913885236365,2937044,2580056,13.836443860133269,-
1141017,11409,8359,錢櫃,觀光餐旅,239364,285765,284698,-16.23746784945672,-15.923540031893445,2497897,2683416,-6.913538564277771,-
1141017,11409,8458,影一,文化創意業,1369,1766,3074,-22.480181200453,-55.46519193233572,27412,39855,-31.220674946681722,本月累計增減變動達50%以上，係因影視收入及經紀收入較同期減少所致。
1141017,11409,8999,台灣積層,其他,162391,153705,149187,5.651084870368563,8.850637119856287,1388104,1327995,4.526297162263412,-
1141017,11409,9957,燁聯,鋼鐵工業,2764395,3959078,3772956,-30.175788403259546,-26.731321542048196,28266984,34914471,-19.039346178265166,-
1141017,11409,000104,臺銀證券,證券,125280,133439,91029,-6.114404334564857,37.62647068516627,818123,1039143,-21.269449921714337,-
1141017,11409,000218,亞東證券,證券,118638,176851,23852,-32.91640985914697,397.3922522220359,624113,702529,-11.161959150440765,-
1141017,11409,000511,富隆,證券,-1343,3521,-6022,-138.14257313263278,77.69843905679177,-4610,-2652,-73.83107088989442,-
1141017,11409,000532,高橋,證券,32035,29913,21541,7.093905659746598,48.71640128127756,194866,239725,-18.712691625821254,-
1141017,11409,000538,第一金證,證券,415660,432401,223614,-3.8716376696631136,85.8828159238688,2640307,2828408,-6.650419600001132,-
1141017,11409,000546,寶盛,證券,2612,2221,1765,17.60468257541648,47.98866855524079,17078,22136,-22.84965666787134,-
1141017,11409,000560,永興,證券,19650,19633,14238,0.0865889064330464,38.010956595027395,129995,160905,-19.21009291196669,-
1141017,11409,000596,日茂,證券,12330,12185,8017,1.1899876897825195,53.79817886990146,76550,94895,-19.331893145055062,-
1141017,11409,000601,牛牛牛亞,證券,249839,38263,197839,552.9519379034576,26.28399860492623,651879,350738,85.85924536263536,-
1141017,11409,000616,中信證券,證券,386033,571584,307772,-32.46259517411264,25.428239086076704,3292883,3728508,-11.68362787474239,-
1141017,11409,000638,光和,證券,36898,33142,26587,11.333051716854746,38.78211155828036,226758,292394,-22.44779304636894,-
1141017,11409,000646,大昌證券,證券,59845,59891,47751,-0.07680619792623265,25.327218278151243,421084,524410,-19.70328559714727,-
1141017,11409,000662,口袋證券,證券,16738,14894,7525,12.380824493084464,122.43189368770764,101397,68773,47.43722100242828,-
1141017,11409,000695,福勝證券,證券,11305,10262,7554,10.163710777626195,49.655811490601,66418,87439,-24.040759844005535,-
1141017,11409,000700,兆豐證券,證券,746724,952715,534746,-21.621471268952416,39.6408762290882,5854571,6770053,-13.52252338349493,-
1141017,11409,000708,石橋,證券,2701,2336,1647,15.625,63.995142683667275,14838,18829,-21.196027404535556,-
1141017,11409,000775,北城,證券,8478,8182,5910,3.6176973845025664,43.45177664974619,51947,66489,-21.87128697980117,-
1141017,11409,000779,國票綜合,證券,464986,522343,329122,-10.980715736594536,41.28074088028148,3341005,3948523,-15.385955710527709,-
1141017,11409,000815,台新證券,證券,529372,825988,335248,-35.91044906221398,57.90459600057271,3818512,4422048,-13.648336698290024,-
1141017,11409,000838,安泰證券,證券,17512,15614,11242,12.155757653387985,55.77299412915851,104592,130254,-19.70150628771477,-
1141017,11409,000849,京城證券,證券,13517,13463,41730,0.40109930921785636,-67.60843517852864,98981,250628,-60.50680690106453,-
1141017,11409,000852,中農證券,證券,7692,7561,5980,1.7325750562094961,28.62876254180602,50650,63102,-19.733130487147793,-
1141017,11409,000856,新光證券,證券,303058,277834,253068,9.078802450384043,19.753584016944064,2182579,2436063,-10.405478019246628,-
1141017,11409,000888,國泰證,證券,1304411,1300779,987562,0.2792172997872813,32.08396029818887,9172628,9435262,-2.7835369065533104,-
1141017,11409,000930,華南永昌,證券,746000,632418,632039,17.959956863972877,18.030691144059148,5145613,5642669,-8.808881045476884,-
1141017,11409,000960,富邦證券,證券,2747415,2458948,2047919,11.731317620380748,34.15642903845318,19283823,20055468,-3.8475541932005775,-
1141017,11409,000980,元大證券,證券,8422916,7520444,6805369,12.000248921473254,23.768689104147036,60862439,60299331,0.9338544734434947,-
1141017,11409,0009A0,永豐金證,證券,2262221,2199834,1663821,2.83598671536125,35.965407336486315,15816219,15665441,0.9624880652897037,-
1141017,11409,1111,欣欣水泥,水泥工業,40774,43405,38285,-6.0615136505010945,6.5012406947890815,403913,303275,33.18374412661775,-
1141017,11409,1237,台糖公司,食品工業,2396060,2333731,2612962,2.670787678614202,-8.30100093304074,21978402,22899020,-4.020337988263253,-
1141017,11409,1242,新東陽,食品工業,300012,312387,307168,-3.9614324539753576,-2.329669757266382,2789446,2827020,-1.3291027300832678,-
1141017,11409,1246,中聯油脂,食品工業,639499,716131,678946,-10.700835461668326,-5.810034965961947,6483207,7342325,-11.700898557337084,-
1141017,11409,1267,京華堂,食品工業,475,1003,559,-52.642073778664006,-15.026833631484795,7805,23235,-66.40843554981709,-
1141017,11409,1328,中油,塑膠工業,81175241,95361554,86283489,-14.876344192125895,-5.920307650053418,821784911,821869346,-0.010273530751687143,-
1141017,11409,1408,中興紡織,紡織纖維,356884,330277,362433,8.055965144409086,-1.531041599412857,3432508,3349435,2.480209348740907,-
1141017,11409,1550,台全電機,電機機械,994150,908475,1057306,9.430639258097361,-5.9732943915952434,8864232,9553454,-7.2143750312714126,-
1141017,11409,1557,金豐機器,電機機械,601615,472014,482614,27.457024579779414,24.65759385347296,4672378,4920354,-5.039799981871223,-
1141017,11409,1585,鎧鉅,其他,12001,11183,8206,7.3146740588393095,46.24664879356568,100092,89600,11.709821428571429,-
1141017,11409,1602,太電,電器電纜,3414096,3242767,3222681,5.283419992864119,5.939619838265097,30553543,27561370,10.856401550430911,-
1141017,11409,1613,台一,電器電纜,488021,536785,578854,-9.084456532876292,-15.69186703382891,4979974,4382972,13.620940311733682,-
1141017,11409,1619,大展電線,電器電纜,361568,385854,306252,-6.294090510918638,18.06224938939174,3033141,2900359,4.578122915128782,-
1141017,11409,1716,永信藥品,化學生技醫療,392636,390556,352669,0.5325740738844109,11.332722751361759,3889703,3590884,8.321599918014616,-
1141017,11409,1739,欣雲天然,化學生技醫療,224126,231873,189584,-3.341053076468584,18.219891974006245,2019281,1396703,44.574830869554944,-
1141017,11409,1740,欣桃天然,化學生技醫療,371740,375332,341192,-0.9570193855040338,8.95331660765786,3731238,3115724,19.75508742109378,-
1141017,11409,1745,欣嘉公司,化學生技醫療,63592,62360,46226,1.9756254008980116,37.56760264786051,579119,415754,39.29366885225398,-
1141017,11409,1763,奇美實業,化學生技醫療,9118984,8896397,11591843,2.501990412523182,-21.332750969798333,87280225,96643694,-9.688649732283618,-
1141017,11409,1764,長春石化,化學生技醫療,8730322,8696915,8501997,0.3841247154881932,2.6855455253630414,80968240,81644208,-0.8279436062384241,-
1141017,11409,1765,長春樹脂,化學生技醫療,8606763,8371614,9568421,2.8088848816966476,-10.050331188395662,82784673,89042819,-7.028243344362222,-
1141017,11409,1766,大連化工,化學生技醫療,2849193,2897514,2972725,-1.6676709758779422,-4.155513880362294,27193793,33117882,-17.88788606711021,-
1141017,11409,1767,陽瓦,化學生技醫療,55831,60900,58784,-8.323481116584565,-5.023475775721285,637717,613085,4.017713693859742,-
1141017,11409,1769,欣中公司,化學生技醫療,196597,208960,182413,-5.916443338437978,7.775761595938886,2055867,1919194,7.121374910509307,-
1141017,11409,1770,信東生技,化學生技醫療,479455,460001,485334,4.22912124104078,-1.2113307536665472,4012278,4149811,-3.31419912858682,-
1141017,11409,1775,大東樹脂,化學生技醫療,555817,549257,517496,1.1943407184614852,7.405081391933464,4635576,4528179,2.371748113314425,-
1141017,11409,1819,豐鼎,建材營造,28414,11999,10741,136.80306692224352,164.53775253700772,181043,127840,41.6168648310388,-
1141017,11409,2041,燁茂實業,鋼鐵工業,344261,335861,321124,2.501034654217072,7.2050049202177355,3010955,3350956,-10.146388075522328,-
1141017,11409,2048,中龍鋼鐵,鋼鐵工業,5049706,4714410,5356315,7.1121518917531565,-5.72425258783324,46351574,62409663,-25.7301325277145,-
1141017,11409,2056,璋釔鋼鐵,鋼鐵工業,241240,536594,210908,-55.0423597729382,14.3816261118592,2236064,1976188,13.150368284798814,-
1141017,11409,2068,優頻,其他,149503,139731,163358,6.99343739041444,-8.48137220093292,1512815,1641431,-7.835601983878701,-
1141017,11409,2215,匯豐汽車,汽車工業,3102893,2886740,2909632,7.487788993813091,6.642111442271737,27865451,28187262,-1.141689462424552,-
1141017,11409,2218,高都汽車,汽車工業,1818282,2061251,2116241,-11.787453347505956,-14.079634597382812,20391294,20141690,1.239240599969516,-
1141017,11409,2219,鍾慶科技,電機機械,162527,151464,182901,7.304045845877568,-11.139359544234313,1504460,1375407,9.382895390237216,-
1141017,11409,2220,南都汽車,汽車工業,1597985,1998901,1954918,-20.056821223262183,-18.258208272674352,17966383,17514096,2.582417042820823,-
1141017,11409,2222,桃苗汽車,汽車工業,2448966,2806871,2823804,-12.751031308528251,-13.274221581951155,27085395,26535478,2.0723839985094674,-
1141017,11409,2225,國都汽車,汽車工業,2833101,3603855,3333031,-21.386931494191636,-14.999260432921266,32250294,31623567,1.9818352559659067,-
1141017,11409,2226,中部汽車,汽車工業,2704861,3345370,3163960,-19.14613331260817,-14.510265616505897,30889189,29801105,3.6511532038828762,-
1141017,11409,2246,凱勝綠能,電機機械,15255,3807,2677,300.709219858156,469.8543145311916,55027,77189,-28.711344880747255,-
1141017,11409,2384,勝華科技,電子工業,5391,5384,2867,0.1300148588410104,88.03627485176142,32582,20128,61.87400635930047,-
1141017,11409,2443,昶虹,其他,848,838,879,1.1933174224343674,-3.5267349260523324,8285,16045,-48.36397631660954,-
1141017,11409,2557,泛亞工程,建材營造,530251,480480,780986,10.358599733599734,-32.10492889757307,5428219,7851507,-30.863985729109075,-
1141017,11409,2568,世正開發,建材營造,133144,140075,118648,-4.948063537390683,12.217652214955162,1130910,1000939,12.984907172165336,-
1141017,11409,2579,鈺通營造,建材營造,103089,122283,97479,-15.696376438262064,5.755085710768474,1022024,832553,22.757830432416917,-
1141017,11409,2599,樂揚,建材營造,2936,3430,129293,-14.402332361516034,-97.72918874184991,25048,145331,-82.76486090373011,-
1141017,11409,2619,新竹物流,航運業,2322621,2222201,2091730,4.518943155907139,11.03827931903257,20135013,19160042,5.088564002103962,-
1141017,11409,2621,立榮航空,航運業,607554,667676,596708,-9.004666934261529,1.8176394484404432,5328728,5376865,-0.895261458117323,-
1141017,11409,2711,凱撒飯店,觀光餐旅,37824,67381,36282,-43.86548136715098,4.250041342814619,414657,438307,-5.395761418366579,-
1141017,11409,2750,桃禧,觀光餐旅,44208,39152,36970,12.913771965672252,19.578036245604544,394657,342553,15.210492974809737,-
1141017,11409,2759,咖碼,觀光餐旅,55999,50785,37220,10.266811066259722,50.4540569586244,404407,365465,10.65546632372457,-
1141017,11409,2807,渣打銀行,金融保險業,1538011,1641916,1614681,-6.328277451465239,-4.748306321805979,13726545,14400575,-4.680576990849324,-
1141017,11409,2809,京城銀,金融保險業,818316,849222,816141,-3.6393310583098413,0.2664980683484839,6835841,7199418,-5.05008877106455,-
1141017,11409,2823,凱基人壽,金融保險業,27013681,20517225,23000924,31.663424269120213,17.446068688370953,164692220,199755529,-17.55311063254725,-
1141017,11409,2833,台灣人壽,金融保險業,32662165,26351615,17813325,23.947488607434497,83.35804797812874,176941996,186617713,-5.184779539121241,-
1141017,11409,2837,凱基銀行,金融保險業,1494873,1591225,1348131,-6.055209037062641,10.884847244073462,13460363,12194738,10.37845175517506,-
1141017,11409,2848,華南保,金融保險業,981116,1011479,883410,-3.0018418573198256,11.060096670854982,8782116,8504399,3.2655687956315314,-
1141017,11409,2856,元富證券,證券,1006259,1541899,933098,-34.73898095789672,7.840655536717472,7780386,9222264,-15.63475085944189,-
1141017,11409,2858,中租迪和,其他,4261482,4467655,4411835,-4.614792323937278,-3.407947033377268,38804684,39607666,-2.027339858905092,-
1141017,11409,2863,泰安產物,金融保險業,841027,826069,772010,1.8107446230278585,8.93991010479139,7092248,7193831,-1.412084882171961,-
1141017,11409,2872,台灣票券,金融保險業,44727,69768,45801,-35.89181286549707,-2.3449269666601165,440752,356547,23.61680227291213,-
1141017,11409,2873,大中票券,金融保險業,66757,125285,59567,-46.71588777587102,12.070441687511542,700866,635757,10.241177053496855,-
1141017,11409,2874,萬通票券,金融保險業,86600,65877,56196,31.457109461572323,54.103494910669795,582793,546370,6.666361623075938,-
1141017,11409,2876,宏泰人壽,金融保險業,1645583,2813616,1369413,-41.513589629857094,20.16703507269173,13218351,22305275,-40.73890144820003,-
1141017,11409,2877,國泰產險,金融保險業,2521463,2816618,2357277,-10.479056797904438,6.965070290848296,22944613,20979201,9.368383476568054,-
1141017,11409,2893,新光銀行,金融保險業,1764777,2069270,1649666,-14.714996109739184,6.97783672573721,16636626,16063532,3.567671169702902,-
1141017,11409,2894,大慶票券,金融保險業,78650,87411,66717,-10.022766013430804,17.88599607296491,672328,538696,24.806569939260733,-
1141017,11409,2895,陽信銀行,金融保險業,947586,1005525,878218,-5.762064593122996,7.898722185152206,8575287,8068188,6.285165888548953,-
1141017,11409,2899,金融大樓,其他,544507,568843,524056,-4.278157593571513,3.9024455401712794,4723674,4475986,5.533708103644649,-
1141017,11409,2920,海景,觀光餐旅,37457,67491,40924,-44.50074824791454,-8.471801387938617,406838,434277,-6.3183175715039015,-
1141017,11409,3197,源河生技,電子工業,0,0,0,,,0,0,,-
1141017,11409,3202,樺晟,其他,8102,6618,522684,22.423692958597762,-98.44992385456605,2360796,4458046,-47.0441534250656,-
1141017,11409,3342,飛虹高科,電子工業,2805,3054,2780,-8.153241650294696,0.8992805755395683,26722,26756,-0.127074301091344,-
1141017,11409,3369,鐵研,電子工業,55417,50931,45439,8.807995130666981,21.959110015625345,460371,393169,17.09239538213847,-
1141017,11409,3405,津綻石英,電子工業,35488,24571,31983,44.43042611208335,10.958946940562173,260900,249356,4.629525658095253,-
1141017,11409,3463,宏塑,電子工業,181360,142963,206212,26.85799822331652,-12.05167497526817,1428435,1776723,-19.60283060443299,-
1141017,11409,3509,聯禾,其他,48379,47993,48052,0.8042839580772196,0.680512777824024,426123,436045,-2.2754532215711682,-
1141017,11409,3510,易鼎,電子工業,20194,26860,24291,-24.817572598659716,-16.86632909307974,256982,250441,2.611792797505201,-
1141017,11409,3525,就業情報,電子工業,85435,84762,84135,0.7939878719237394,1.5451357936649432,807266,795627,1.4628714209045193,-
1141017,11409,3572,宏芯科技,電子工業,2840,2632,3589,7.90273556231003,-20.8693229311786,34597,52924,-34.62890182147986,-
1141017,11409,3601,前源,其他,18689,17887,16345,4.4837032481690615,14.340776996023248,127515,155807,-18.158362589614075,-
1141017,11409,3683,仲博科技,電子工業,194033,190819,177025,1.6843186475141365,9.607682530716001,1756247,1421463,23.552072758840715,-
1141017,11409,3688,華立捷,其他,7811,8637,8223,-9.563505846937595,-5.010336860026754,86078,87552,-1.6835709064327486,-
1141017,11409,4118,友合生化,化學生技醫療,0,0,64,,-100.0,1428,5285,-72.98013245033113,-
1141017,11409,4427,展頌,紡織纖維,266241,282647,307794,-5.8044132787540645,-13.50026316302462,2488629,2780564,-10.499128953694287,-
1141017,11409,4539,台智網,電機機械,96292,71346,76624,34.964819331146806,25.668197953643766,708447,658703,7.55181014812442,-
1141017,11409,4548,名超,電子工業,48266,52519,40353,-8.098021668348597,19.60944663345972,505088,389060,29.822649462807792,-
1141017,11409,4586,能海電能,電機機械,26,68,657,-61.76470588235294,-96.04261796042618,576,6254,-90.78989446754078,-
1141017,11409,4712,福格創新,其他,57,57,33,0.0,72.72727272727273,505,315,60.317460317460316,-
1141017,11409,4730,通用,塑膠工業,99404,111856,114674,-11.132169932770704,-13.316008859898496,950422,1019007,-6.7305720176603305,-
1141017,11409,4981,可取,電子工業,9152,7353,10970,24.466204270365836,-16.572470373746583,105134,290858,-63.85383933053242,-
1141017,11409,4985,富相,電子工業,78640,66736,61504,17.837449052984894,27.861602497398543,682781,554450,23.145639823248263,-
1141017,11409,5216,優燈,電子工業,14529,4121,5059,252.56005823829167,187.19114449495947,74596,65424,14.019320127170458,-
1141017,11409,5295,懷藝,電子工業,22024,35501,55165,-37.962310920819135,-60.076135230671625,315742,313531,0.7051934258494376,-
1141017,11409,5298,合盈,電子工業,28058,36750,17882,-23.65170068027211,56.906386310256124,180130,181313,-0.6524628680789574,-
1141017,11409,5346,力晶,電子工業,42135,31985,35097,31.733625136782866,20.052995982562614,296292,238205,24.385298377447995,-
1141017,11409,5387,茂德科技,電子工業,11971,7822,19028,53.04270007670672,-37.08745007357578,79012,122263,-35.375379305268154,-
1141017,11409,5541,廣朋實業,建材營造,5535,5027,5382,10.105430674358464,2.842809364548495,66764,75415,-11.471192733541073,-
1141017,11409,5827,華泰銀行,金融保險業,352020,396943,301852,-11.317242022154314,16.62006546254456,3060556,2696877,13.485190462894675,-
1141017,11409,5828,富邦保,金融保險業,4747777,4831080,3968607,-1.7243142320143736,19.633337339776904,42041144,38101446,10.340022265821617,-
1141017,11409,5830,三信商銀,金融保險業,315138,361041,314406,-12.714068485296684,0.2328199843514437,2805139,2853580,-1.6975518471534004,-
1141017,11409,5831,新光人壽,金融保險業,21336987,20854789,16622081,2.31216916172108,28.36531719464007,126065523,229403018,-45.04626656655407,-
1141017,11409,5833,元大證金,金融保險業,158380,158013,172137,0.23225937106440608,-7.991890180495768,1489833,1331431,11.897124221983715,-
1141017,11409,5834,兆豐保險,金融保險業,602943,576797,641829,4.5329639370523775,-6.058623091197188,5369051,5185344,3.5428122030090963,-
1141017,11409,5835,國泰世華,金融保險業,9525492,9678853,9644506,-1.584495600873368,-1.2340082529888001,87666730,81968631,6.951560530515631,-
1141017,11409,5836,台北富邦,金融保險業,8336730,8420903,7440316,-0.9995721361473942,12.048063549989006,72846587,64272954,13.33941022844539,-
1141017,11409,5838,華南銀行,金融保險業,4975503,5304174,4730931,-6.196459618406183,5.169637857749352,44088585,43016721,2.4917380383316523,-
1141017,11409,5839,中華開發資本,其他,328818,587063,201935,-43.98931630847115,62.83358506450095,1662256,1572671,5.696359887096539,-
1141017,11409,5840,國際票券,金融保險業,315509,282002,261562,11.881830625314715,20.624937873238466,2445220,2240802,9.122537377242612,-
1141017,11409,5841,中信銀,金融保險業,14727254,14575472,13145985,1.0413522114412488,12.028531905368826,127587153,115674804,10.298136316703852,-
1141017,11409,5842,兆豐票券,金融保險業,310636,360350,263181,-13.796031635909532,18.031316850380538,3191141,2869814,11.196788363287656,-
1141017,11409,5843,兆豐銀行,金融保險業,6025661,5390482,5818642,11.78334330770421,3.557857658195847,51568657,54502855,-5.383567521371128,-
1141017,11409,5844,第一銀行,金融保險業,5475056,5508498,5426993,-0.6070983415079755,0.8856285607886356,50695766,49037544,3.38153558424541,-
1141017,11409,5846,國泰人壽,金融保險業,72404620,85184611,59837725,-15.002699255150675,21.00162564669696,563325197,620077285,-9.152421701756097,-
1141017,11409,5847,玉山銀行,金融保險業,7556590,7333107,6462696,3.047589514240008,16.926279682658755,64051692,55062868,16.32465639094571,-
1141017,11409,5848,台新銀行,金融保險業,5615986,5439431,4776825,3.2458358236367,17.567338137779803,44610401,40106922,11.228682669789519,-
1141017,11409,5849,永豐銀行,金融保險業,4493905,4408152,3907645,1.9453276565780853,15.002898165007313,41013930,36124177,13.535956819168502,-
1141017,11409,5852,元大銀行,金融保險業,2712281,2803260,2315090,-3.2454713440779663,17.156611622010374,22812290,20995687,8.652267487127236,-
1141017,11409,5854,合庫,金融保險業,4959126,4785242,4760560,3.6337556177932067,4.171063908447746,44523027,45011121,-1.0843853455682653,-
1141017,11409,5857,土地銀行,金融保險業,3076236,3482976,3001146,-11.677944378600369,2.5020442191083005,28350090,28269136,0.2863688511739446,-
1141017,11409,5858,臺銀,金融保險業,5407640,6169497,5020618,-12.348770086118853,7.708652600138071,46193920,48011680,-3.7860787208445945,-
1141017,11409,5862,板信銀行,金融保險業,478626,523388,444593,-8.552355040619961,7.654866360918863,4225530,3979756,6.175604735566703,-
1141017,11409,5865,富邦人壽,金融保險業,60049985,54344141,49034270,10.499464882516039,22.46533903737121,405059299,491979128,-17.66738140972517,-
1141017,11409,5866,統一期,期貨商,64235,53626,60982,19.783314064073398,5.3343609589715,529173,632095,-16.2826790276778,-
1141017,11409,5867,康和期,期貨商,44107,35267,44007,25.065925652876626,0.22723657599927286,377643,488482,-22.690498319283,-
1141017,11409,5868,臺灣金控,金融保險業,33787387,18153392,8782694,86.12161848320137,284.7041352004294,84150090,136993770,-38.57378331875968,-
1141017,11409,5870,花旗台灣,金融保險業,1245592,1430031,1401868,-12.89755257053868,-11.147697215429698,11867846,12641047,-6.116589867912049,-
1141017,11409,5872,匯豐台灣,金融保險業,2020541,2034916,1994813,-0.7064173656308171,1.2897449535369983,18198416,17401501,4.579576210121185,-
1141017,11409,5873,全球人壽,金融保險業,13719520,15559431,10917879,-11.825053242628217,25.6610372765626,116213836,117466511,-1.0664103235346796,-
1141017,11409,5874,南山人壽,金融保險業,41089296,39820568,35495294,3.186112262386614,15.759841290510229,315699113,377440065,-16.357816174072564,-
1141017,11409,5875,星展銀行,金融保險業,2851489,2565650,2623497,11.140997408064234,8.69038539018722,24010062,21741250,10.435517737020641,-
1141017,11409,5901,中友百貨,貿易百貨,394447,110195,381036,257.9536276600572,3.519614944519678,1692062,1576279,7.345336707524493,-
1141017,11409,6008,凱基證券,證券,4050620,3988507,3347421,1.557299510819462,21.007187324211685,28275040,28709839,-1.5144599034498243,-
1141017,11409,6025,臺銀人壽,金融保險業,2182046,3175936,1340298,-31.294396360631954,62.8030482773234,16350057,20088556,-18.610093229199748,-
1141017,11409,6029,和泰產險,金融保險業,1130332,1148379,898879,-1.571519507061693,25.74907189955489,9196892,7969939,15.394760235931543,-
1141017,11409,6030,樂天國際銀行,金融保險業,28105,28687,16999,-2.0287935301704603,65.3332548973469,185293,127901,44.87220584670956,-
1141017,11409,6031,連線銀行,金融保險業,187656,183941,106259,2.0196693504982575,76.60245249814133,1385821,831299,66.70548142124555,-
1141017,11409,6033,一卡通,金融保險業,79781,82370,80570,-3.1431346363967463,-0.9792726821397543,753306,763063,-1.2786624433369198,-
1141017,11409,6034,愛金卡,金融保險業,97132,63858,67665,52.106235710482636,43.548363260178824,689535,587826,17.302569127598982,-
1141017,11409,6036,橘子支付,金融保險業,430,750,530,-42.666666666666664,-18.867924528301888,7584,11237,-32.50867669306754,-
1141017,11409,6037,簡單支,金融保險業,4179,3986,3825,4.84194681384847,9.254901960784315,35728,30412,17.479942128107325,-
1141017,11409,6038,街口電支,金融保險業,46216,44040,44378,4.940962761126249,4.141691829284781,493954,371810,32.85118743444232,-
1141017,11409,6039,將來銀行,金融保險業,27639,52662,19861,-47.51623561581406,39.16217713106087,191124,195958,-2.4668551424284795,-
1141017,11409,6040,全支付,金融保險業,34241,31769,19736,7.781170323271113,73.49513579246047,238832,151575,57.56688108197262,-
1141017,11409,6287,元隆,其他,102684,106928,73579,-3.9690258865778842,39.556123350412484,869228,741919,17.159420367991654,-
1141017,11409,6288,聯嘉,汽車工業,517633,459099,500768,12.749755499358526,3.3678270177008116,4222725,4204790,0.42653735382742064,-
1141017,11409,6475,岱煒,電子工業,34418,30753,19429,11.917536500504015,77.14756292140615,292654,185099,58.106742878135485,-
1141017,11409,6479,瑞寶基因,其他,5344,3224,3743,65.75682382133995,42.77317659631312,54923,46638,17.764483897251168,-
1141017,11409,6545,擎力,其他,11159,9582,12084,16.457941974535586,-7.654750082754055,112960,99149,13.929540388707904,-
1141017,11409,6562,聯亞藥,化學生技醫療,45229,31137,48030,45.25805312008222,-5.831771809285863,405755,412023,-1.5212742977940552,-
1141017,11409,6623,施吉生技,電子工業,2,3,5497,-33.333333333333336,-99.96361651810078,28,13696,-99.79556074766356,-
1141017,11409,6647,合迪,其他,1274055,1324810,1472892,-3.8311154052279193,-13.499767803749359,12084939,14518223,-16.76020543285497,-
1141017,11409,6659,天明製藥,化學生技醫療,139704,96837,103366,44.26717060627653,35.1546930325252,951963,886784,7.350042400404157,-
1141017,11409,6660,厚美德,化學生技醫療,62499,80707,76656,-22.560620516188187,-18.468221665623044,413179,420535,-1.749200423270358,-
1141017,11409,6717,智慧光,其他,12842,6172,23881,108.06869734283863,-46.22503245257736,71843,209876,-65.76883493110218,-
1141017,11409,6726,鑫亞電通,其他,51360,30484,48156,68.48182653195119,6.653376526289559,284134,290885,-2.3208484452618734,-
1141017,11409,6746,全科綜電,其他,29261,19099,28492,53.206974187130214,2.699003228976555,143859,316971,-54.61445999791779,-
1141017,11409,6772,錫安生技,化學生技醫療,0,0,0,,,0,0,,-
1141017,11409,6778,安麗莎醫療器材,化學生技醫療,121,142,149,-14.788732394366198,-18.79194630872483,1729,1256,37.65923566878981,-
1141017,11409,6779,鋐昇,其他,111865,88046,135308,27.052904163732595,-17.325657019540603,1013910,1110772,-8.720241417680676,-
1141017,11409,6795,洹藝,化學生技醫療,8081,5615,7395,43.91807658058771,9.276538201487492,59112,60489,-2.2764469572980213,-
1141017,11409,6813,富動科,其他,15408,20590,44505,-25.167557066537153,-65.37917087967644,151814,372213,-59.21313871358604,-
1141017,11409,6837,富利康科技,其他,1170,15214,11880,-92.30971473642697,-90.15151515151516,76513,121509,-37.03100181879532,-
1141017,11409,6845,仲信資融,其他,365988,380558,377793,-3.8285885462925493,-3.1247270330577854,3318703,3551957,-6.566915083713007,-
1141017,11409,6851,立視科,其他,22202,24154,19889,-8.081477188043388,11.629543969028106,209843,185921,12.866755234750244,-
1141017,11409,6852,精能醫學,化學生技醫療,855,303,11376,182.17821782178217,-92.48417721518987,28439,38657,-26.432470186512145,-
1141017,11409,6866,中大生醫,化學生技醫療,210419,195641,199537,7.553631396281966,5.453625142204203,2030926,2056779,-1.2569653813073742,-
1141017,11409,6871,新鑫,其他,704544,714946,590245,-1.4549350580323548,19.364670602885244,6109824,5149530,18.648187310298223,-
1141017,11409,6921,嘉雨思,電子工業,18326,8406,17617,118.0109445634071,4.024521768746098,150295,99491,51.06391532902474,-
1141017,11409,6930,盛新,電子工業,4169,2734,4483,52.48719824433065,-7.004238233325898,23948,20833,14.952239235827774,-
1141017,11409,6942,威達高,電子工業,26038,22276,18456,16.88813072364877,41.08149111400087,206668,172280,19.960529370791733,-
1141017,11409,6943,明緯企業,電子工業,2976944,2891956,2808668,2.938772235815483,5.991309759644073,27452010,24248995,13.208856696947647,-
1141017,11409,6954,全盈支付,金融保險業,3818,3515,3375,8.620199146514937,13.125925925925927,32023,30070,6.494845360824742,-
1141017,11409,6960,南山產物,金融保險業,804362,865541,682325,-7.068296013707034,17.885465137581065,7018079,5830905,20.3600298752938,-
1141017,11409,6978,愛盛科技,電子工業,14904,8707,6154,71.17261973125072,142.18394540136498,91340,65999,38.39603630358036,-
1141017,11409,6985,台新人壽,金融保險業,4005844,3650335,2198554,9.739078742088054,82.20357562288667,26880585,22204377,21.059847794873956,-
1141017,11409,6991,精準健康,化學生技醫療,21665,23359,24899,-7.252022774947558,-12.988473432667979,187560,225505,-16.826677900711736,-
1141017,11409,6992,萬勝發科技,電子工業,15727,18187,14924,-13.526145048661132,5.380595014741356,161348,152288,5.9492540449674305,-
1141017,11409,6993,凱納,其他,40244,23618,3417,70.39546108899991,1077.758267486099,371878,206585,80.01210155626013,-
1141017,11409,6998,友上科,電機機械,5886,12202,5524,-51.76200622848713,6.553222302679218,60715,66816,-9.131046455938698,-
1141017,11409,7570,紫金堂,其他,1113,2168,2947,-48.662361623616235,-62.23277909738717,17983,39194,-54.1179772414145,-
1141017,11409,7710,東擎科技,電子工業,153968,152946,113849,0.6682096949250063,35.238781192632345,1382783,1135982,21.725784387428675,-
1141017,11409,7717,萊德光電-KY,電子工業,59076,65860,66565,-10.300637716368053,-11.250657252309772,678151,525034,29.163254189252505,-
1141017,11409,7739,藍新科技,其他,105717,105113,121572,0.5746196949949103,-13.041654328299279,1038804,1090228,-4.716811529331479,-
1141017,11409,7745,紅陽,其他,16708,14838,17844,12.602776654535651,-6.366285586191437,136418,165369,-17.50690879185337,-
1141017,11409,7746,智安,電子工業,25560,0,32310,,-20.891364902506965,265322,435308,-39.04959247245628,-
1141017,11409,7771,綠基,電子工業,52811,55290,60354,-4.483631759811901,-12.497928886237863,501286,375374,33.54307970184403,-
1141017,11409,7775,禾馨,化學生技醫療,81928,78662,80713,4.1519412168518475,1.5053337132803886,750230,642326,16.798946329433964,-
1141017,11409,7784,安邦生技,其他,0,0,0,,,0,0,,-
1141017,11409,7793,上峰,電子工業,13848,10614,4285,30.469191633691352,223.17386231038506,77167,88896,-13.194069474442045,-
1141017,11409,7798,將捷,建材營造,56186,101944,70075,-44.885427293415994,-19.82019265073136,1284909,502418,155.74501709731737,-
1141017,11409,7817,日盛全實業,其他,3454,2726,524,26.70579603815114,559.1603053435115,24646,621,3868.7600644122385,-
1141017,11409,7830,安能科技,其他,294,241,1177,21.991701244813278,-75.02124044180118,6382,8705,-26.68581275129236,-
1141017,11409,7844,揚堡,其他,16690,13994,8354,19.265399456910103,99.7845343548001,121164,68846,75.99279551462685,-
1141017,11409,7854,佐茂,電子工業,116860,122419,142446,-4.540961778808845,-17.961894331887173,1207667,1203489,0.34715730679715395,-
1141017,11409,7859,翰可能源,其他,39696,20922,56620,89.73329509607112,-29.890498057223596,1393293,889713,56.60027447053151,-
1141017,11409,7861,貝爾威勒,電子工業,583330,440309,241468,32.48196153156079,141.57652359732967,3287047,1660043,98.00975034984033,-
1141017,11409,7864,聖洋,其他,126415,117616,174232,7.481125017004489,-27.4444418935672,1070027,1225391,-12.678728667013223,-
1141017,11409,7869,宏于電機,電機機械,230382,0,272532,,-15.466073708775482,2481699,2111376,17.539415054447904,-
1141017,11409,7872,登豐,電子工業,88642,0,70247,,26.186171651458427,680568,506239,34.43610626601269,-
1141017,11409,8029,久尹股份,電子工業,79445,80829,87931,-1.7122567395365524,-9.65074888264662,732876,723389,1.311465891795424,-
1141017,11409,8115,帝聞,其他,104760,105366,123595,-0.575138090085986,-15.239289615275698,891668,985885,-9.556591286001916,-
1141017,11409,8134,泰山電子,電子工業,68745,69824,63790,-1.545313932172319,7.767675184198151,590637,570947,3.448656355143297,-
1141017,11409,8140,利翔航太,電子工業,936,1468,4875,-36.23978201634878,-80.8,55365,65311,-15.228675108327847,-
1141017,11409,8152,峻新電腦,電子工業,79703,78680,105372,1.3002033553634977,-24.360361386326538,860551,971263,-11.398766348558526,-
1141017,11409,8157,創圓科技,電子工業,14093,12523,16201,12.536932045037132,-13.011542497376706,116965,139801,-16.33464710552857,-
1141017,11409,8218,輝城電子,電子工業,83433,78739,83610,5.961467633574213,-0.21169716541083602,687019,727634,-5.581789745943702,-
1141017,11409,8287,英格爾,電子工業,63033,93945,114812,-32.90435893341849,-45.098944361216596,807256,696917,15.832444896594573,-
1141017,11409,8304,佳聯有線,其他,34079,35123,37360,-2.9724112404976797,-8.782119914346895,315844,330955,-4.5658775362209365,-
1141017,11409,8305,群健,其他,140869,141923,144975,-0.7426562290819669,-2.8322124504224866,1250648,1287566,-2.867270493318401,-
1141017,11409,8307,大台中,其他,29626,29035,30094,2.0354744274151884,-1.5551272678939323,264862,280586,-5.603985943703535,-
1141017,11409,8308,中投有線,其他,42961,44981,51088,-4.490784998110313,-15.90784528656436,487812,500137,-2.464324775011647,-
1141017,11409,8309,吉元,其他,31738,31362,32131,1.1989031311778586,-1.2231178612554854,278460,286780,-2.901178603807797,-
1141017,11409,8310,長德有線,其他,17598,19467,20610,-9.60086299892125,-14.614264919941776,169342,184455,-8.1933262855439,-
1141017,11409,8312,東亞有線,其他,7169,7322,7597,-2.089593007375034,-5.633802816901408,69016,73391,-5.961221403169326,-
1141017,11409,8327,洄瀾有線,其他,25324,26880,26270,-5.788690476190476,-3.6010658545869814,240638,253784,-5.179995586798222,-
1141017,11409,8343,科學城,其他,152490,158095,125276,-3.5453366646636515,21.72323509690603,1361863,1133809,20.11396981325779,-
1141017,11409,8350,榮輪科技,其他,445782,407994,454748,9.261900910307505,-1.9716414365758619,3717946,4162463,-10.679182013149426,-
1141017,11409,8360,華視,其他,122459,117403,122185,4.306533904585062,0.2242501125342718,1091016,1101542,-0.9555695561313141,-
1141017,11409,8368,屏南有線,其他,36055,35164,35942,2.5338414287339326,0.314395414835012,319971,326498,-1.9990934094542692,-
1141017,11409,8370,欣隆天然,其他,51191,49516,47205,3.382744971322401,8.444020760512657,552512,507193,8.935257387227347,-
1141017,11409,8376,遠鼎投資,其他,1771513,1743830,1816459,1.5874827248068906,-2.4743745936462096,15902285,16893625,-5.868130729787124,-
1141017,11409,8379,欣湖公司,其他,150270,94606,79872,58.837705853751345,88.13852163461539,1016937,812971,25.08896381297734,-
1141017,11409,8387,緯來電視,其他,156936,148839,153484,5.440106423719589,2.249094368142608,1442757,1490453,-3.2001009089182952,-
1141017,11409,8391,森霸電力,其他,3257782,3008096,2082670,8.300466474474218,56.42334119183548,28142015,16829413,67.21923099753984,-
1141017,11409,8392,星能電力,其他,165450,671751,714977,-75.37033811635561,-76.8593954770573,5907779,6616494,-10.711337454549192,-
1141017,11409,8394,臺灣菸酒,其他,4405374,4234413,4325710,4.037419118069022,1.8416398695243092,36563754,31534240,15.94937439430917,-
1141017,11409,8399,聯美林業,其他,122231,112671,124705,8.484880759024062,-1.9838819614289724,1068635,1121249,-4.692445656584755,-
1141017,11409,8452,北都數位,其他,43224,47117,47108,-8.262410594902052,-8.244884096119556,422900,413686,2.227293164380714,-
1141017,11409,8453,全國數位,其他,24566,24490,31433,0.31033074724377296,-21.846467088728406,235377,276711,-14.937606383555407,-
1141017,11409,8456,天外天,其他,30281,30550,31009,-0.8805237315875614,-2.3477055048534297,276184,284211,-2.824310107631302,-
1141017,11409,8459,數位天空,其他,16268,16649,16520,-2.2884257312751517,-1.5254237288135593,167704,152241,10.156922248277402,-
1141017,11409,8469,新高雄,其他,21600,21744,33826,-0.6622516556291391,-36.14379471412523,200614,302197,-33.6148274139055,-
1141017,11409,8943,寶福有線,其他,5345,5325,6035,0.3755868544600939,-11.433305716652859,50589,60566,-16.472938612422812,-
1141017,11409,8945,大新店,其他,35348,35321,36303,0.07644177684663514,-2.630636586508002,320908,334273,-3.9982289924702266,-
1141017,11409,8946,雙子星,其他,43823,44418,49365,-1.3395470304831374,-11.22657753469057,422230,448561,-5.870104623451437,-
1141017,11409,8948,北視有線,其他,64593,63092,66752,2.3790654916629683,-3.2343600191754556,578605,591830,-2.2345943936603416,-
1141017,11409,8951,新竹振道,其他,49808,49280,51113,1.0714285714285714,-2.553166513411461,451960,469133,-3.660582393479035,-
1141017,11409,8952,金頻道,其他,30472,30162,30136,1.0277833034944632,1.1149455800371648,272585,271862,0.265943750873605,-
1141017,11409,8953,吉隆有線,其他,42420,43014,46237,-1.3809457385967359,-8.255293379760797,417010,396935,5.057503117638908,-
1141017,11409,8955,北健有線,其他,51578,52184,61753,-1.1612754867392303,-16.476932294787296,517800,545698,-5.112351520438044,-
1141017,11409,8956,台灣數位,其他,36668,33344,34937,9.968809980806142,4.954632624438275,315445,318794,-1.0505216534815587,-
1141017,11409,8957,新唐城,其他,26632,27335,27027,-2.571794402780318,-1.4615014615014614,249135,247127,0.8125376830536526,-
1141017,11409,8960,紅樹林,其他,29872,29925,31413,-0.177109440267335,-4.9056123261070255,269762,282678,-4.569156425332003,-
1141017,11409,8962,新視波,其他,56723,57425,62885,-1.2224640835872878,-9.798839150830881,536288,579533,-7.46204271370224,-
1141017,11409,8963,新台北,其他,35666,35085,35502,1.6559783383212199,0.4619458058700918,320245,319336,0.2846531552972418,-
1141017,11409,8965,家和有線,其他,29444,30104,33603,-2.192399681105501,-12.376871112698272,283718,307508,-7.736384094072349,-
1141017,11409,8966,鳳信有線,其他,83616,82959,85231,0.7919574729685749,-1.8948504652063216,752016,775753,-3.0598657046766173,-
1141017,11409,8967,慶聯有線,其他,88237,90160,98838,-2.1328748890860694,-10.725631842004088,843874,901586,-6.401164170694753,-
1141017,11409,8968,陽明山,其他,39033,38518,38521,1.337037229347318,1.3291451416110693,350238,348183,0.590206873971446,-
1141017,11409,8969,北桃園,其他,68346,67753,69379,0.8752379968414683,-1.4889231611871028,613350,628270,-2.374775176277715,-
1141017,11409,8970,大揚有線,其他,31565,18705,21656,68.75167067628976,45.756372367934986,204826,208138,-1.5912519578356668,-
1141017,11409,8971,南桃園,其他,120969,122054,123512,-0.8889507922722729,-2.0589092557808146,1102986,1144679,-3.6423311688254962,-
1141017,11409,8973,澎湖有線,其他,8290,8036,8577,3.160776505724241,-3.3461583304185614,74523,78706,-5.314715523594135,-
1141017,11409,8974,世新有線,其他,50962,27236,71712,87.11264502863857,-28.935185185185187,263294,293150,-10.184547160156916,-
1141017,11409,8975,觀昇有線,其他,55602,55348,56268,0.45891450458914507,-1.183621241202815,501155,510927,-1.9126019959798561,-
1141017,11409,8976,聯維有線,其他,14416,13568,15490,6.25,-6.933505487411233,129387,185478,-30.241322420987935,-
1141017,11409,8977,南國有線,其他,45432,46956,46963,-3.245591617684641,-3.260013201882333,411329,423681,-2.915400973845889,-
1141017,11409,8978,大安文山,其他,31367,30870,30821,1.6099773242630386,1.7715194185782421,280887,279494,0.4984006812310819,-
1141017,11409,8980,萬象有線,其他,14098,14376,17169,-1.9337785197551474,-17.886889160696605,140305,152852,-8.208593934001518,-
1141017,11409,8981,麗冠有線,其他,13797,15667,16637,-11.935916257100912,-17.07038528580874,135170,145915,-7.363876229311585,-
1141017,11409,8982,信和有線,其他,26830,26955,27618,-0.4637358560563903,-2.853211673546238,246608,251043,-1.766629621220269,-
1141017,11409,8983,豐盟有線,其他,64728,64288,64977,0.6844201095072175,-0.38321252135370976,576915,587557,-1.8112285276151932,-
1141017,11409,8985,國聲有線,其他,17988,18940,18401,-5.026399155227033,-2.2444432367806098,166749,170205,-2.030492641226756,-
1141017,11409,8986,台灣佳光,其他,40319,44254,41190,-8.891851584037601,-2.1145909201262443,370162,380915,-2.8229395009385296,-
1141017,11409,8987,東台有線,其他,10810,12034,11345,-10.17118165198604,-4.7157338034376375,127859,104612,22.222116009635606,-
1141017,11409,8988,大屯有線,其他,39543,30692,34980,28.83813371562622,13.04459691252144,282819,285770,-1.0326486335164642,-
1141017,11409,8990,港都電視,其他,59312,59530,66469,-0.36620191500083993,-10.767425416359506,560828,595044,-5.75016301315533,-
1141017,11409,8991,三大有線電視,其他,47174,45844,47389,2.9011430067184363,-0.45369178501339974,419469,434907,-3.549724423842339,-
1141017,11409,8992,新頻道有,其他,63166,63756,64267,-0.9254030993161428,-1.7131653881463271,573634,517993,10.741650948951047,-
1141017,11409,8995,北港有線,其他,14979,15275,15459,-1.9378068739770868,-3.1049873859887445,138359,145614,-4.982350598156771,-
1141017,11409,9963,台電,其他,98581572,98234089,90032654,0.35372954901632975,9.495352652827496,710303974,629897494,12.765010301819045,-
1141017,11409,9964,欣泉投資,其他,11121,7101,10332,56.611744824672584,7.636469221835076,74873,71229,5.1158938072975895,-
1141017,11409,9968,華歌爾,其他,237442,215676,254610,10.091989836606762,-6.742861631514866,1851594,2012536,-7.996974960944798,-
1141017,11409,9971,立大開發,其他,356793,315439,405000,13.109983229721118,-11.902962962962963,3109642,3426963,-9.259539714902086,-
1141017,11409,9977,新永安,其他,77543,77399,78213,0.18604891536066356,-0.8566350862388605,706529,736142,-4.022729310377617,-
1141017,11409,9978,長榮空廚,其他,517281,573336,509628,-9.776989409351584,1.5016835809649391,4926126,4460215,10.445931418104283,-
1141017,11409,9982,三冠王,其他,42696,43533,47763,-1.9226793467025016,-10.608630111173921,414114,436592,-5.148513944369114,-
1141017,11409,9983,永佳樂,其他,63766,65173,65625,-2.1588694704862443,-2.8327619047619046,578008,592318,-2.4159319824823826,-
1141017,11409,9984,全聯有線,其他,41055,40851,40570,0.4993757802746567,1.1954646290362336,367688,369013,-0.3590659407663145,-
1141017,11409,9985,觀天下,其他,31908,31216,32280,2.2168118913377755,-1.1524163568773234,283402,294569,-3.7909623891176603,-
1141017,11409,9986,南天有線,其他,45402,45273,47465,0.2849380425419124,-4.346360476140314,421941,433482,-2.6623942862679417,-
